-- phpMyAdmin SQL Dump
-- version 4.8.3
-- https://www.phpmyadmin.net/
--
-- Host: 127.0.0.1
-- Generation Time: Mar 02, 2020 at 04:56 AM
-- Server version: 10.1.37-MariaDB
-- PHP Version: 7.1.24

SET SQL_MODE = "NO_AUTO_VALUE_ON_ZERO";
SET AUTOCOMMIT = 0;
START TRANSACTION;
SET time_zone = "+00:00";


/*!40101 SET @OLD_CHARACTER_SET_CLIENT=@@CHARACTER_SET_CLIENT */;
/*!40101 SET @OLD_CHARACTER_SET_RESULTS=@@CHARACTER_SET_RESULTS */;
/*!40101 SET @OLD_COLLATION_CONNECTION=@@COLLATION_CONNECTION */;
/*!40101 SET NAMES utf8mb4 */;

--
-- Database: `paperdbnew`
--

-- --------------------------------------------------------

--
-- Table structure for table `area`
--

CREATE TABLE `area` (
  `id` int(11) NOT NULL,
  `area_name` varchar(255) NOT NULL,
  `area_code` varchar(255) NOT NULL,
  `route_id` int(11) NOT NULL,
  `delivery_charge` float NOT NULL,
  `created` datetime NOT NULL DEFAULT CURRENT_TIMESTAMP,
  `modified` datetime NOT NULL DEFAULT CURRENT_TIMESTAMP,
  `status` enum('y','n') NOT NULL DEFAULT 'y',
  `parent_user_id` int(11) NOT NULL
) ENGINE=InnoDB DEFAULT CHARSET=utf8;

--
-- Dumping data for table `area`
--

INSERT INTO `area` (`id`, `area_name`, `area_code`, `route_id`, `delivery_charge`, `created`, `modified`, `status`, `parent_user_id`) VALUES
(5, 'Normal', 'NR', 0, 0, '2019-03-19 13:26:13', '2019-03-19 13:26:13', 'y', 1),
(6, 'CITY IN ', 'CI', 0, 20, '2019-03-22 05:57:03', '2019-03-22 05:57:03', 'y', 1),
(7, 'CITY OUT ', 'CO', 0, 50, '2019-03-22 05:57:27', '2019-03-22 05:57:27', 'y', 1),
(8, 'CITY OUT ', 'CO', 0, 30, '2019-03-23 16:03:06', '2019-03-23 16:03:06', 'y', 4),
(9, 'CITY IN ', 'CI', 0, 0, '2019-03-23 16:03:25', '2019-03-23 16:03:25', 'y', 4);

-- --------------------------------------------------------

--
-- Table structure for table `bill_month`
--

CREATE TABLE `bill_month` (
  `id` int(11) NOT NULL,
  `bill_start_date` date NOT NULL,
  `bill_end_date` date NOT NULL,
  `bill_month` int(11) NOT NULL,
  `bill_year` int(11) NOT NULL,
  `bill_amount` float NOT NULL,
  `billing_user` int(11) NOT NULL,
  `speific_user_id` int(11) NOT NULL DEFAULT '0',
  `created` datetime NOT NULL DEFAULT CURRENT_TIMESTAMP,
  `status` enum('y','n') NOT NULL DEFAULT 'y',
  `parent_user_id` int(11) NOT NULL
) ENGINE=InnoDB DEFAULT CHARSET=utf8;

--
-- Dumping data for table `bill_month`
--

INSERT INTO `bill_month` (`id`, `bill_start_date`, `bill_end_date`, `bill_month`, `bill_year`, `bill_amount`, `billing_user`, `speific_user_id`, `created`, `status`, `parent_user_id`) VALUES
(1, '2019-03-01', '2019-03-22', 3, 2019, 5771, 16, 0, '2019-03-23 10:33:46', 'y', 1),
(2, '2019-03-01', '2019-03-29', 3, 2019, 6020, 45, 0, '2019-03-24 05:56:24', 'y', 4),
(3, '2019-03-01', '2019-01-31', 3, 2019, 6450, 45, 0, '2019-03-24 06:06:31', 'y', 4),
(4, '2019-03-01', '2019-03-24', 3, 2019, 5267, 46, 0, '2019-03-24 09:28:46', 'y', 4),
(5, '2020-03-01', '2020-03-01', 3, 2020, 0, 46, 0, '2020-03-01 16:40:44', 'y', 4);

-- --------------------------------------------------------

--
-- Table structure for table `bill_product`
--

CREATE TABLE `bill_product` (
  `id` int(11) NOT NULL,
  `bill_id` int(11) NOT NULL,
  `user_id` int(11) NOT NULL,
  `product_id` int(11) NOT NULL,
  `product_name` varchar(255) NOT NULL,
  `product_price` float NOT NULL,
  `product_code` varchar(255) NOT NULL,
  `product_copies` int(11) NOT NULL,
  `bill_month` datetime NOT NULL,
  `billmonth` int(11) NOT NULL,
  `billyear` int(11) NOT NULL,
  `created` timestamp NOT NULL DEFAULT CURRENT_TIMESTAMP,
  `parent_user_id` int(11) NOT NULL
) ENGINE=InnoDB DEFAULT CHARSET=utf8;

--
-- Dumping data for table `bill_product`
--

INSERT INTO `bill_product` (`id`, `bill_id`, `user_id`, `product_id`, `product_name`, `product_price`, `product_code`, `product_copies`, `bill_month`, `billmonth`, `billyear`, `created`, `parent_user_id`) VALUES
(1, 1, 2, 1, 'Danik Bhaskar', 96, 'DB', 1, '2019-03-22 00:00:00', 3, 2019, '2019-03-23 10:33:45', 1),
(2, 2, 5, 1, 'Danik Bhaskar', 192, 'DB', 2, '2019-03-22 00:00:00', 3, 2019, '2019-03-23 10:33:45', 1),
(3, 2, 5, 3, 'Rajasthan Patrika', 140, 'RP', 1, '2019-03-22 00:00:00', 3, 2019, '2019-03-23 10:33:45', 1),
(4, 3, 15, 1, 'Danik Bhaskar', 192, 'DB', 2, '2019-03-22 00:00:00', 3, 2019, '2019-03-23 10:33:45', 1),
(5, 3, 15, 2, 'Dainik Jagran', 130, 'dJ', 1, '2019-03-22 00:00:00', 3, 2019, '2019-03-23 10:33:45', 1),
(6, 3, 15, 3, 'Rajasthan Patrika', 140, 'RP', 1, '2019-03-22 00:00:00', 3, 2019, '2019-03-23 10:33:45', 1),
(7, 4, 6, 1, 'Danik Bhaskar', 96, 'DB', 1, '2019-03-22 00:00:00', 3, 2019, '2019-03-23 10:33:45', 1),
(8, 4, 6, 2, 'Dainik Jagran', 130, 'dJ', 1, '2019-03-22 00:00:00', 3, 2019, '2019-03-23 10:33:45', 1),
(9, 4, 6, 3, 'Rajasthan Patrika', 140, 'RP', 2, '2019-03-22 00:00:00', 3, 2019, '2019-03-23 10:33:45', 1),
(10, 6, 12, 1, 'Danik Bhaskar', 96, 'DB', 1, '2019-03-22 00:00:00', 3, 2019, '2019-03-23 10:33:45', 1),
(11, 6, 12, 2, 'Dainik Jagran', 130, 'dJ', 2, '2019-03-22 00:00:00', 3, 2019, '2019-03-23 10:33:45', 1),
(12, 6, 12, 3, 'Rajasthan Patrika', 140, 'RP', 1, '2019-03-22 00:00:00', 3, 2019, '2019-03-23 10:33:45', 1),
(13, 7, 13, 1, 'Danik Bhaskar', 96, 'DB', 1, '2019-03-22 00:00:00', 3, 2019, '2019-03-23 10:33:45', 1),
(14, 7, 13, 2, 'Dainik Jagran', 130, 'dJ', 2, '2019-03-22 00:00:00', 3, 2019, '2019-03-23 10:33:45', 1),
(15, 7, 13, 6, 'Nava Bharat', 120, 'NB', 1, '2019-03-22 00:00:00', 3, 2019, '2019-03-23 10:33:45', 1),
(16, 7, 13, 9, 'ASSPASS', 110, 'AP', 1, '2019-03-22 00:00:00', 3, 2019, '2019-03-23 10:33:45', 1),
(17, 8, 21, 1, 'Danik Bhaskar', 96, 'DB', 1, '2019-03-22 00:00:00', 3, 2019, '2019-03-23 10:33:45', 1),
(18, 8, 21, 3, 'Rajasthan Patrika', 140, 'RP', 2, '2019-03-22 00:00:00', 3, 2019, '2019-03-23 10:33:45', 1),
(19, 9, 7, 1, 'Danik Bhaskar', 96, 'DB', 1, '2019-03-22 00:00:00', 3, 2019, '2019-03-23 10:33:46', 1),
(20, 9, 7, 3, 'Rajasthan Patrika', 140, 'RP', 2, '2019-03-22 00:00:00', 3, 2019, '2019-03-23 10:33:46', 1),
(21, 9, 7, 6, 'Nava Bharat', 120, 'NB', 1, '2019-03-22 00:00:00', 3, 2019, '2019-03-23 10:33:46', 1),
(22, 9, 7, 9, 'ASSPASS', 110, 'AP', 1, '2019-03-22 00:00:00', 3, 2019, '2019-03-23 10:33:46', 1),
(23, 9, 7, 10, 'PANJAB KESARI', 84, 'PK', 1, '2019-03-22 00:00:00', 3, 2019, '2019-03-23 10:33:46', 1),
(24, 9, 7, 11, 'Rashtradoot', 63, 'RD', 1, '2019-03-22 00:00:00', 3, 2019, '2019-03-23 10:33:46', 1),
(25, 10, 11, 1, 'Danik Bhaskar', 192, 'DB', 2, '2019-03-22 00:00:00', 3, 2019, '2019-03-23 10:33:46', 1),
(26, 10, 11, 3, 'Rajasthan Patrika', 140, 'RP', 1, '2019-03-22 00:00:00', 3, 2019, '2019-03-23 10:33:46', 1),
(27, 10, 11, 6, 'Nava Bharat', 120, 'NB', 1, '2019-03-22 00:00:00', 3, 2019, '2019-03-23 10:33:46', 1),
(28, 11, 14, 1, 'Danik Bhaskar', 192, 'DB', 2, '2019-03-22 00:00:00', 3, 2019, '2019-03-23 10:33:46', 1),
(29, 11, 14, 3, 'Rajasthan Patrika', 140, 'RP', 1, '2019-03-22 00:00:00', 3, 2019, '2019-03-23 10:33:46', 1),
(30, 11, 14, 5, 'Hindustan Times', 150, 'HT', 1, '2019-03-22 00:00:00', 3, 2019, '2019-03-23 10:33:46', 1),
(31, 12, 16, 1, 'Danik Bhaskar', 192, 'DB', 2, '2019-03-22 00:00:00', 3, 2019, '2019-03-23 10:33:46', 1),
(32, 12, 16, 2, 'Dainik Jagran', 130, 'dJ', 1, '2019-03-22 00:00:00', 3, 2019, '2019-03-23 10:33:46', 1),
(33, 12, 16, 3, 'Rajasthan Patrika', 140, 'RP', 1, '2019-03-22 00:00:00', 3, 2019, '2019-03-23 10:33:46', 1),
(34, 13, 17, 1, 'Danik Bhaskar', 192, 'DB', 2, '2019-03-22 00:00:00', 3, 2019, '2019-03-23 10:33:46', 1),
(35, 13, 17, 3, 'Rajasthan Patrika', 140, 'RP', 1, '2019-03-22 00:00:00', 3, 2019, '2019-03-23 10:33:46', 1),
(36, 14, 18, 1, 'Danik Bhaskar', 192, 'DB', 2, '2019-03-22 00:00:00', 3, 2019, '2019-03-23 10:33:46', 1),
(37, 14, 18, 3, 'Rajasthan Patrika', 140, 'RP', 1, '2019-03-22 00:00:00', 3, 2019, '2019-03-23 10:33:46', 1),
(38, 15, 19, 1, 'Danik Bhaskar', 192, 'DB', 2, '2019-03-22 00:00:00', 3, 2019, '2019-03-23 10:33:46', 1),
(39, 15, 19, 3, 'Rajasthan Patrika', 140, 'RP', 1, '2019-03-22 00:00:00', 3, 2019, '2019-03-23 10:33:46', 1),
(40, 15, 19, 6, 'Nava Bharat', 120, 'NB', 1, '2019-03-22 00:00:00', 3, 2019, '2019-03-23 10:33:46', 1),
(41, 16, 20, 1, 'Danik Bhaskar', 192, 'DB', 2, '2019-03-22 00:00:00', 3, 2019, '2019-03-23 10:33:46', 1),
(42, 16, 20, 3, 'Rajasthan Patrika', 140, 'RP', 1, '2019-03-22 00:00:00', 3, 2019, '2019-03-23 10:33:46', 1),
(43, 17, 24, 13, 'Rajasthan Patrika', 112, 'RP', 1, '2019-03-29 00:00:00', 3, 2019, '2019-03-24 05:56:23', 4),
(44, 18, 33, 13, 'Rajasthan Patrika', 112, 'RP', 1, '2019-03-29 00:00:00', 3, 2019, '2019-03-24 05:56:23', 4),
(45, 19, 36, 12, 'Danik Bhaskar', 140, 'DB', 1, '2019-03-29 00:00:00', 3, 2019, '2019-03-24 05:56:23', 4),
(46, 20, 38, 13, 'Rajasthan Patrika', 112, 'RP', 1, '2019-03-29 00:00:00', 3, 2019, '2019-03-24 05:56:23', 4),
(47, 21, 39, 12, 'Danik Bhaskar', 140, 'DB', 1, '2019-03-29 00:00:00', 3, 2019, '2019-03-24 05:56:23', 4),
(48, 22, 42, 13, 'Rajasthan Patrika', 112, 'RP', 1, '2019-03-29 00:00:00', 3, 2019, '2019-03-24 05:56:23', 4),
(49, 23, 43, 13, 'Rajasthan Patrika', 112, 'RP', 1, '2019-03-29 00:00:00', 3, 2019, '2019-03-24 05:56:23', 4),
(50, 24, 46, 12, 'Danik Bhaskar', 280, 'DB', 2, '2019-03-29 00:00:00', 3, 2019, '2019-03-24 05:56:23', 4),
(51, 24, 46, 13, 'Rajasthan Patrika', 112, 'RP', 1, '2019-03-29 00:00:00', 3, 2019, '2019-03-24 05:56:23', 4),
(52, 25, 49, 13, 'Rajasthan Patrika', 112, 'RP', 1, '2019-03-29 00:00:00', 3, 2019, '2019-03-24 05:56:23', 4),
(53, 26, 51, 12, 'Danik Bhaskar', 140, 'DB', 1, '2019-03-29 00:00:00', 3, 2019, '2019-03-24 05:56:23', 4),
(54, 27, 53, 13, 'Rajasthan Patrika', 112, 'RP', 1, '2019-03-29 00:00:00', 3, 2019, '2019-03-24 05:56:23', 4),
(55, 28, 54, 13, 'Rajasthan Patrika', 112, 'RP', 1, '2019-03-29 00:00:00', 3, 2019, '2019-03-24 05:56:23', 4),
(56, 29, 56, 12, 'Danik Bhaskar', 140, 'DB', 1, '2019-03-29 00:00:00', 3, 2019, '2019-03-24 05:56:23', 4),
(57, 30, 25, 13, 'Rajasthan Patrika', 112, 'RP', 1, '2019-03-29 00:00:00', 3, 2019, '2019-03-24 05:56:23', 4),
(58, 31, 37, 12, 'Danik Bhaskar', 140, 'DB', 1, '2019-03-29 00:00:00', 3, 2019, '2019-03-24 05:56:23', 4),
(59, 32, 26, 13, 'Rajasthan Patrika', 112, 'RP', 1, '2019-03-29 00:00:00', 3, 2019, '2019-03-24 05:56:23', 4),
(60, 33, 27, 12, 'Danik Bhaskar', 140, 'DB', 1, '2019-03-29 00:00:00', 3, 2019, '2019-03-24 05:56:23', 4),
(61, 35, 47, 13, 'Rajasthan Patrika', 112, 'RP', 1, '2019-03-29 00:00:00', 3, 2019, '2019-03-24 05:56:23', 4),
(62, 36, 48, 12, 'Danik Bhaskar', 140, 'DB', 1, '2019-03-29 00:00:00', 3, 2019, '2019-03-24 05:56:23', 4),
(63, 37, 60, 12, 'Danik Bhaskar', 140, 'DB', 1, '2019-03-29 00:00:00', 3, 2019, '2019-03-24 05:56:23', 4),
(64, 37, 60, 13, 'Rajasthan Patrika', 112, 'RP', 1, '2019-03-29 00:00:00', 3, 2019, '2019-03-24 05:56:23', 4),
(65, 38, 30, 12, 'Danik Bhaskar', 140, 'DB', 1, '2019-03-29 00:00:00', 3, 2019, '2019-03-24 05:56:23', 4),
(66, 39, 31, 12, 'Danik Bhaskar', 140, 'DB', 1, '2019-03-29 00:00:00', 3, 2019, '2019-03-24 05:56:23', 4),
(67, 40, 32, 12, 'Danik Bhaskar', 140, 'DB', 1, '2019-03-29 00:00:00', 3, 2019, '2019-03-24 05:56:23', 4),
(68, 41, 34, 12, 'Danik Bhaskar', 140, 'DB', 1, '2019-03-29 00:00:00', 3, 2019, '2019-03-24 05:56:23', 4),
(69, 42, 35, 12, 'Danik Bhaskar', 140, 'DB', 1, '2019-03-29 00:00:00', 3, 2019, '2019-03-24 05:56:23', 4),
(70, 43, 40, 12, 'Danik Bhaskar', 140, 'DB', 1, '2019-03-29 00:00:00', 3, 2019, '2019-03-24 05:56:23', 4),
(71, 44, 41, 12, 'Danik Bhaskar', 140, 'DB', 1, '2019-03-29 00:00:00', 3, 2019, '2019-03-24 05:56:23', 4),
(72, 45, 44, 12, 'Danik Bhaskar', 140, 'DB', 1, '2019-03-29 00:00:00', 3, 2019, '2019-03-24 05:56:23', 4),
(73, 46, 45, 12, 'Danik Bhaskar', 140, 'DB', 1, '2019-03-29 00:00:00', 3, 2019, '2019-03-24 05:56:23', 4),
(74, 47, 50, 13, 'Rajasthan Patrika', 112, 'RP', 1, '2019-03-29 00:00:00', 3, 2019, '2019-03-24 05:56:24', 4),
(75, 48, 52, 13, 'Rajasthan Patrika', 112, 'RP', 1, '2019-03-29 00:00:00', 3, 2019, '2019-03-24 05:56:24', 4),
(76, 49, 57, 12, 'Danik Bhaskar', 140, 'DB', 1, '2019-03-29 00:00:00', 3, 2019, '2019-03-24 05:56:24', 4),
(77, 50, 58, 12, 'Danik Bhaskar', 140, 'DB', 1, '2019-03-29 00:00:00', 3, 2019, '2019-03-24 05:56:24', 4),
(78, 51, 59, 12, 'Danik Bhaskar', 140, 'DB', 1, '2019-03-29 00:00:00', 3, 2019, '2019-03-24 05:56:24', 4),
(79, 52, 61, 13, 'Rajasthan Patrika', 112, 'RP', 1, '2019-03-29 00:00:00', 3, 2019, '2019-03-24 05:56:24', 4),
(80, 53, 64, 13, 'Rajasthan Patrika', 112, 'RP', 1, '2019-03-29 00:00:00', 3, 2019, '2019-03-24 05:56:24', 4),
(81, 54, 66, 12, 'Danik Bhaskar', 140, 'DB', 1, '2019-03-29 00:00:00', 3, 2019, '2019-03-24 05:56:24', 4),
(82, 55, 67, 12, 'Danik Bhaskar', 140, 'DB', 1, '2019-03-29 00:00:00', 3, 2019, '2019-03-24 05:56:24', 4),
(83, 56, 68, 12, 'Danik Bhaskar', 140, 'DB', 1, '2019-03-29 00:00:00', 3, 2019, '2019-03-24 05:56:24', 4),
(84, 57, 70, 13, 'Rajasthan Patrika', 112, 'RP', 1, '2019-03-29 00:00:00', 3, 2019, '2019-03-24 05:56:24', 4),
(85, 58, 65, 12, 'Danik Bhaskar', 140, 'DB', 1, '2019-03-29 00:00:00', 3, 2019, '2019-03-24 05:56:24', 4),
(86, 59, 62, 13, 'Rajasthan Patrika', 112, 'RP', 1, '2019-03-29 00:00:00', 3, 2019, '2019-03-24 05:56:24', 4),
(87, 60, 63, 13, 'Rajasthan Patrika', 112, 'RP', 1, '2019-03-29 00:00:00', 3, 2019, '2019-03-24 05:56:24', 4),
(88, 61, 69, 12, 'Danik Bhaskar', 140, 'DB', 1, '2019-03-29 00:00:00', 3, 2019, '2019-03-24 05:56:24', 4),
(89, 62, 24, 13, 'Rajasthan Patrika', 120, 'RP', 1, '2019-01-31 00:00:00', 1, 2019, '2019-03-24 06:06:30', 4),
(90, 63, 33, 13, 'Rajasthan Patrika', 120, 'RP', 1, '2019-01-31 00:00:00', 1, 2019, '2019-03-24 06:06:30', 4),
(91, 64, 36, 12, 'Danik Bhaskar', 150, 'DB', 1, '2019-01-31 00:00:00', 1, 2019, '2019-03-24 06:06:30', 4),
(92, 65, 38, 13, 'Rajasthan Patrika', 120, 'RP', 1, '2019-01-31 00:00:00', 1, 2019, '2019-03-24 06:06:30', 4),
(93, 66, 39, 12, 'Danik Bhaskar', 150, 'DB', 1, '2019-01-31 00:00:00', 1, 2019, '2019-03-24 06:06:30', 4),
(94, 67, 42, 13, 'Rajasthan Patrika', 120, 'RP', 1, '2019-01-31 00:00:00', 1, 2019, '2019-03-24 06:06:30', 4),
(95, 68, 43, 13, 'Rajasthan Patrika', 120, 'RP', 1, '2019-01-31 00:00:00', 1, 2019, '2019-03-24 06:06:30', 4),
(96, 69, 46, 12, 'Danik Bhaskar', 300, 'DB', 2, '2019-01-31 00:00:00', 1, 2019, '2019-03-24 06:06:30', 4),
(97, 69, 46, 13, 'Rajasthan Patrika', 120, 'RP', 1, '2019-01-31 00:00:00', 1, 2019, '2019-03-24 06:06:30', 4),
(98, 70, 49, 13, 'Rajasthan Patrika', 120, 'RP', 1, '2019-01-31 00:00:00', 1, 2019, '2019-03-24 06:06:30', 4),
(99, 71, 51, 12, 'Danik Bhaskar', 150, 'DB', 1, '2019-01-31 00:00:00', 1, 2019, '2019-03-24 06:06:30', 4),
(100, 72, 53, 13, 'Rajasthan Patrika', 120, 'RP', 1, '2019-01-31 00:00:00', 1, 2019, '2019-03-24 06:06:30', 4),
(101, 73, 54, 13, 'Rajasthan Patrika', 120, 'RP', 1, '2019-01-31 00:00:00', 1, 2019, '2019-03-24 06:06:30', 4),
(102, 74, 56, 12, 'Danik Bhaskar', 150, 'DB', 1, '2019-01-31 00:00:00', 1, 2019, '2019-03-24 06:06:30', 4),
(103, 75, 25, 13, 'Rajasthan Patrika', 120, 'RP', 1, '2019-01-31 00:00:00', 1, 2019, '2019-03-24 06:06:30', 4),
(104, 76, 37, 12, 'Danik Bhaskar', 150, 'DB', 1, '2019-01-31 00:00:00', 1, 2019, '2019-03-24 06:06:30', 4),
(105, 77, 26, 13, 'Rajasthan Patrika', 120, 'RP', 1, '2019-01-31 00:00:00', 1, 2019, '2019-03-24 06:06:30', 4),
(106, 78, 27, 12, 'Danik Bhaskar', 150, 'DB', 1, '2019-01-31 00:00:00', 1, 2019, '2019-03-24 06:06:30', 4),
(107, 80, 47, 13, 'Rajasthan Patrika', 120, 'RP', 1, '2019-01-31 00:00:00', 1, 2019, '2019-03-24 06:06:30', 4),
(108, 81, 48, 12, 'Danik Bhaskar', 150, 'DB', 1, '2019-01-31 00:00:00', 1, 2019, '2019-03-24 06:06:30', 4),
(109, 82, 60, 12, 'Danik Bhaskar', 150, 'DB', 1, '2019-01-31 00:00:00', 1, 2019, '2019-03-24 06:06:30', 4),
(110, 82, 60, 13, 'Rajasthan Patrika', 120, 'RP', 1, '2019-01-31 00:00:00', 1, 2019, '2019-03-24 06:06:30', 4),
(111, 83, 30, 12, 'Danik Bhaskar', 150, 'DB', 1, '2019-01-31 00:00:00', 1, 2019, '2019-03-24 06:06:30', 4),
(112, 84, 31, 12, 'Danik Bhaskar', 150, 'DB', 1, '2019-01-31 00:00:00', 1, 2019, '2019-03-24 06:06:30', 4),
(113, 85, 32, 12, 'Danik Bhaskar', 150, 'DB', 1, '2019-01-31 00:00:00', 1, 2019, '2019-03-24 06:06:31', 4),
(114, 86, 34, 12, 'Danik Bhaskar', 150, 'DB', 1, '2019-01-31 00:00:00', 1, 2019, '2019-03-24 06:06:31', 4),
(115, 87, 35, 12, 'Danik Bhaskar', 150, 'DB', 1, '2019-01-31 00:00:00', 1, 2019, '2019-03-24 06:06:31', 4),
(116, 88, 40, 12, 'Danik Bhaskar', 150, 'DB', 1, '2019-01-31 00:00:00', 1, 2019, '2019-03-24 06:06:31', 4),
(117, 89, 41, 12, 'Danik Bhaskar', 150, 'DB', 1, '2019-01-31 00:00:00', 1, 2019, '2019-03-24 06:06:31', 4),
(118, 90, 44, 12, 'Danik Bhaskar', 150, 'DB', 1, '2019-01-31 00:00:00', 1, 2019, '2019-03-24 06:06:31', 4),
(119, 91, 45, 12, 'Danik Bhaskar', 150, 'DB', 1, '2019-01-31 00:00:00', 1, 2019, '2019-03-24 06:06:31', 4),
(120, 92, 50, 13, 'Rajasthan Patrika', 120, 'RP', 1, '2019-01-31 00:00:00', 1, 2019, '2019-03-24 06:06:31', 4),
(121, 93, 52, 13, 'Rajasthan Patrika', 120, 'RP', 1, '2019-01-31 00:00:00', 1, 2019, '2019-03-24 06:06:31', 4),
(122, 94, 57, 12, 'Danik Bhaskar', 150, 'DB', 1, '2019-01-31 00:00:00', 1, 2019, '2019-03-24 06:06:31', 4),
(123, 95, 58, 12, 'Danik Bhaskar', 150, 'DB', 1, '2019-01-31 00:00:00', 1, 2019, '2019-03-24 06:06:31', 4),
(124, 96, 59, 12, 'Danik Bhaskar', 150, 'DB', 1, '2019-01-31 00:00:00', 1, 2019, '2019-03-24 06:06:31', 4),
(125, 97, 61, 13, 'Rajasthan Patrika', 120, 'RP', 1, '2019-01-31 00:00:00', 1, 2019, '2019-03-24 06:06:31', 4),
(126, 98, 64, 13, 'Rajasthan Patrika', 120, 'RP', 1, '2019-01-31 00:00:00', 1, 2019, '2019-03-24 06:06:31', 4),
(127, 99, 66, 12, 'Danik Bhaskar', 150, 'DB', 1, '2019-01-31 00:00:00', 1, 2019, '2019-03-24 06:06:31', 4),
(128, 100, 67, 12, 'Danik Bhaskar', 150, 'DB', 1, '2019-01-31 00:00:00', 1, 2019, '2019-03-24 06:06:31', 4),
(129, 101, 68, 12, 'Danik Bhaskar', 150, 'DB', 1, '2019-01-31 00:00:00', 1, 2019, '2019-03-24 06:06:31', 4),
(130, 102, 70, 13, 'Rajasthan Patrika', 120, 'RP', 1, '2019-01-31 00:00:00', 1, 2019, '2019-03-24 06:06:31', 4),
(131, 103, 65, 12, 'Danik Bhaskar', 150, 'DB', 1, '2019-01-31 00:00:00', 1, 2019, '2019-03-24 06:06:31', 4),
(132, 104, 62, 13, 'Rajasthan Patrika', 120, 'RP', 1, '2019-01-31 00:00:00', 1, 2019, '2019-03-24 06:06:31', 4),
(133, 105, 63, 13, 'Rajasthan Patrika', 120, 'RP', 1, '2019-01-31 00:00:00', 1, 2019, '2019-03-24 06:06:31', 4),
(134, 106, 69, 12, 'Danik Bhaskar', 150, 'DB', 1, '2019-01-31 00:00:00', 1, 2019, '2019-03-24 06:06:31', 4),
(135, 107, 24, 13, 'Rajasthan Patrika', 92, 'RP', 1, '2019-03-24 00:00:00', 3, 2019, '2019-03-24 09:28:45', 4),
(136, 108, 33, 13, 'Rajasthan Patrika', 92, 'RP', 1, '2019-03-24 00:00:00', 3, 2019, '2019-03-24 09:28:45', 4),
(137, 109, 36, 12, 'Danik Bhaskar', 115, 'DB', 1, '2019-03-24 00:00:00', 3, 2019, '2019-03-24 09:28:45', 4),
(138, 110, 38, 13, 'Rajasthan Patrika', 92, 'RP', 1, '2019-03-24 00:00:00', 3, 2019, '2019-03-24 09:28:45', 4),
(139, 111, 39, 12, 'Danik Bhaskar', 115, 'DB', 1, '2019-03-24 00:00:00', 3, 2019, '2019-03-24 09:28:45', 4),
(140, 112, 42, 13, 'Rajasthan Patrika', 92, 'RP', 1, '2019-03-24 00:00:00', 3, 2019, '2019-03-24 09:28:45', 4),
(141, 113, 43, 13, 'Rajasthan Patrika', 92, 'RP', 1, '2019-03-24 00:00:00', 3, 2019, '2019-03-24 09:28:45', 4),
(142, 114, 46, 12, 'Danik Bhaskar', 230, 'DB', 2, '2019-03-24 00:00:00', 3, 2019, '2019-03-24 09:28:45', 4),
(143, 114, 46, 13, 'Rajasthan Patrika', 92, 'RP', 1, '2019-03-24 00:00:00', 3, 2019, '2019-03-24 09:28:45', 4),
(144, 115, 49, 13, 'Rajasthan Patrika', 92, 'RP', 1, '2019-03-24 00:00:00', 3, 2019, '2019-03-24 09:28:45', 4),
(145, 116, 51, 12, 'Danik Bhaskar', 115, 'DB', 1, '2019-03-24 00:00:00', 3, 2019, '2019-03-24 09:28:45', 4),
(146, 117, 53, 13, 'Rajasthan Patrika', 92, 'RP', 1, '2019-03-24 00:00:00', 3, 2019, '2019-03-24 09:28:45', 4),
(147, 118, 54, 13, 'Rajasthan Patrika', 92, 'RP', 1, '2019-03-24 00:00:00', 3, 2019, '2019-03-24 09:28:45', 4),
(148, 119, 56, 12, 'Danik Bhaskar', 115, 'DB', 1, '2019-03-24 00:00:00', 3, 2019, '2019-03-24 09:28:45', 4),
(149, 120, 25, 13, 'Rajasthan Patrika', 92, 'RP', 1, '2019-03-24 00:00:00', 3, 2019, '2019-03-24 09:28:45', 4),
(150, 121, 37, 12, 'Danik Bhaskar', 115, 'DB', 1, '2019-03-24 00:00:00', 3, 2019, '2019-03-24 09:28:45', 4),
(151, 122, 26, 13, 'Rajasthan Patrika', 92, 'RP', 1, '2019-03-24 00:00:00', 3, 2019, '2019-03-24 09:28:45', 4),
(152, 123, 27, 12, 'Danik Bhaskar', 115, 'DB', 1, '2019-03-24 00:00:00', 3, 2019, '2019-03-24 09:28:45', 4),
(153, 125, 47, 13, 'Rajasthan Patrika', 92, 'RP', 1, '2019-03-24 00:00:00', 3, 2019, '2019-03-24 09:28:45', 4),
(154, 126, 48, 12, 'Danik Bhaskar', 115, 'DB', 1, '2019-03-24 00:00:00', 3, 2019, '2019-03-24 09:28:45', 4),
(155, 127, 60, 12, 'Danik Bhaskar', 115, 'DB', 1, '2019-03-24 00:00:00', 3, 2019, '2019-03-24 09:28:45', 4),
(156, 127, 60, 13, 'Rajasthan Patrika', 92, 'RP', 1, '2019-03-24 00:00:00', 3, 2019, '2019-03-24 09:28:45', 4),
(157, 128, 30, 12, 'Danik Bhaskar', 115, 'DB', 1, '2019-03-24 00:00:00', 3, 2019, '2019-03-24 09:28:45', 4),
(158, 129, 31, 12, 'Danik Bhaskar', 115, 'DB', 1, '2019-03-24 00:00:00', 3, 2019, '2019-03-24 09:28:46', 4),
(159, 130, 32, 12, 'Danik Bhaskar', 115, 'DB', 1, '2019-03-24 00:00:00', 3, 2019, '2019-03-24 09:28:46', 4),
(160, 131, 34, 12, 'Danik Bhaskar', 115, 'DB', 1, '2019-03-24 00:00:00', 3, 2019, '2019-03-24 09:28:46', 4),
(161, 132, 35, 12, 'Danik Bhaskar', 115, 'DB', 1, '2019-03-24 00:00:00', 3, 2019, '2019-03-24 09:28:46', 4),
(162, 133, 40, 12, 'Danik Bhaskar', 115, 'DB', 1, '2019-03-24 00:00:00', 3, 2019, '2019-03-24 09:28:46', 4),
(163, 134, 41, 12, 'Danik Bhaskar', 115, 'DB', 1, '2019-03-24 00:00:00', 3, 2019, '2019-03-24 09:28:46', 4),
(164, 135, 44, 12, 'Danik Bhaskar', 115, 'DB', 1, '2019-03-24 00:00:00', 3, 2019, '2019-03-24 09:28:46', 4),
(165, 136, 45, 12, 'Danik Bhaskar', 115, 'DB', 1, '2019-03-24 00:00:00', 3, 2019, '2019-03-24 09:28:46', 4),
(166, 137, 50, 13, 'Rajasthan Patrika', 92, 'RP', 1, '2019-03-24 00:00:00', 3, 2019, '2019-03-24 09:28:46', 4),
(167, 138, 52, 13, 'Rajasthan Patrika', 92, 'RP', 1, '2019-03-24 00:00:00', 3, 2019, '2019-03-24 09:28:46', 4),
(168, 139, 57, 12, 'Danik Bhaskar', 115, 'DB', 1, '2019-03-24 00:00:00', 3, 2019, '2019-03-24 09:28:46', 4),
(169, 140, 58, 12, 'Danik Bhaskar', 115, 'DB', 1, '2019-03-24 00:00:00', 3, 2019, '2019-03-24 09:28:46', 4),
(170, 141, 59, 12, 'Danik Bhaskar', 115, 'DB', 1, '2019-03-24 00:00:00', 3, 2019, '2019-03-24 09:28:46', 4),
(171, 142, 61, 13, 'Rajasthan Patrika', 92, 'RP', 1, '2019-03-24 00:00:00', 3, 2019, '2019-03-24 09:28:46', 4),
(172, 143, 64, 13, 'Rajasthan Patrika', 92, 'RP', 1, '2019-03-24 00:00:00', 3, 2019, '2019-03-24 09:28:46', 4),
(173, 144, 66, 12, 'Danik Bhaskar', 115, 'DB', 1, '2019-03-24 00:00:00', 3, 2019, '2019-03-24 09:28:46', 4),
(174, 145, 67, 12, 'Danik Bhaskar', 115, 'DB', 1, '2019-03-24 00:00:00', 3, 2019, '2019-03-24 09:28:46', 4),
(175, 146, 68, 12, 'Danik Bhaskar', 115, 'DB', 1, '2019-03-24 00:00:00', 3, 2019, '2019-03-24 09:28:46', 4),
(176, 147, 70, 13, 'Rajasthan Patrika', 92, 'RP', 1, '2019-03-24 00:00:00', 3, 2019, '2019-03-24 09:28:46', 4),
(177, 148, 71, 12, 'Danik Bhaskar', 230, 'DB', 2, '2019-03-24 00:00:00', 3, 2019, '2019-03-24 09:28:46', 4),
(178, 148, 71, 13, 'Rajasthan Patrika', 92, 'RP', 1, '2019-03-24 00:00:00', 3, 2019, '2019-03-24 09:28:46', 4),
(179, 149, 65, 12, 'Danik Bhaskar', 115, 'DB', 1, '2019-03-24 00:00:00', 3, 2019, '2019-03-24 09:28:46', 4),
(180, 150, 62, 13, 'Rajasthan Patrika', 92, 'RP', 1, '2019-03-24 00:00:00', 3, 2019, '2019-03-24 09:28:46', 4),
(181, 151, 63, 13, 'Rajasthan Patrika', 92, 'RP', 1, '2019-03-24 00:00:00', 3, 2019, '2019-03-24 09:28:46', 4),
(182, 152, 69, 12, 'Danik Bhaskar', 115, 'DB', 1, '2019-03-24 00:00:00', 3, 2019, '2019-03-24 09:28:46', 4),
(183, 153, 24, 13, 'Rajasthan Patrika', 0, 'RP', 1, '2020-03-01 00:00:00', 3, 2020, '2020-03-01 16:40:36', 4),
(184, 154, 33, 13, 'Rajasthan Patrika', 0, 'RP', 1, '2020-03-01 00:00:00', 3, 2020, '2020-03-01 16:40:37', 4),
(185, 155, 36, 12, 'Danik Bhaskar', 0, 'DB', 1, '2020-03-01 00:00:00', 3, 2020, '2020-03-01 16:40:37', 4),
(186, 156, 38, 13, 'Rajasthan Patrika', 0, 'RP', 1, '2020-03-01 00:00:00', 3, 2020, '2020-03-01 16:40:37', 4),
(187, 157, 39, 12, 'Danik Bhaskar', 0, 'DB', 1, '2020-03-01 00:00:00', 3, 2020, '2020-03-01 16:40:37', 4),
(188, 158, 42, 13, 'Rajasthan Patrika', 0, 'RP', 1, '2020-03-01 00:00:00', 3, 2020, '2020-03-01 16:40:37', 4),
(189, 159, 43, 13, 'Rajasthan Patrika', 0, 'RP', 1, '2020-03-01 00:00:00', 3, 2020, '2020-03-01 16:40:38', 4),
(190, 160, 46, 12, 'Danik Bhaskar', 0, 'DB', 2, '2020-03-01 00:00:00', 3, 2020, '2020-03-01 16:40:38', 4),
(191, 160, 46, 13, 'Rajasthan Patrika', 0, 'RP', 1, '2020-03-01 00:00:00', 3, 2020, '2020-03-01 16:40:38', 4),
(192, 161, 49, 13, 'Rajasthan Patrika', 0, 'RP', 1, '2020-03-01 00:00:00', 3, 2020, '2020-03-01 16:40:38', 4),
(193, 162, 51, 12, 'Danik Bhaskar', 0, 'DB', 1, '2020-03-01 00:00:00', 3, 2020, '2020-03-01 16:40:38', 4),
(194, 163, 53, 13, 'Rajasthan Patrika', 0, 'RP', 1, '2020-03-01 00:00:00', 3, 2020, '2020-03-01 16:40:38', 4),
(195, 164, 54, 13, 'Rajasthan Patrika', 0, 'RP', 1, '2020-03-01 00:00:00', 3, 2020, '2020-03-01 16:40:38', 4),
(196, 165, 56, 12, 'Danik Bhaskar', 0, 'DB', 1, '2020-03-01 00:00:00', 3, 2020, '2020-03-01 16:40:38', 4),
(197, 166, 25, 13, 'Rajasthan Patrika', 0, 'RP', 1, '2020-03-01 00:00:00', 3, 2020, '2020-03-01 16:40:39', 4),
(198, 167, 37, 12, 'Danik Bhaskar', 0, 'DB', 1, '2020-03-01 00:00:00', 3, 2020, '2020-03-01 16:40:39', 4),
(199, 168, 26, 13, 'Rajasthan Patrika', 0, 'RP', 1, '2020-03-01 00:00:00', 3, 2020, '2020-03-01 16:40:39', 4),
(200, 169, 27, 12, 'Danik Bhaskar', 0, 'DB', 1, '2020-03-01 00:00:00', 3, 2020, '2020-03-01 16:40:39', 4),
(201, 171, 47, 13, 'Rajasthan Patrika', 0, 'RP', 1, '2020-03-01 00:00:00', 3, 2020, '2020-03-01 16:40:39', 4),
(202, 172, 48, 12, 'Danik Bhaskar', 0, 'DB', 1, '2020-03-01 00:00:00', 3, 2020, '2020-03-01 16:40:40', 4),
(203, 173, 60, 12, 'Danik Bhaskar', 0, 'DB', 1, '2020-03-01 00:00:00', 3, 2020, '2020-03-01 16:40:40', 4),
(204, 173, 60, 13, 'Rajasthan Patrika', 0, 'RP', 1, '2020-03-01 00:00:00', 3, 2020, '2020-03-01 16:40:40', 4),
(205, 174, 30, 12, 'Danik Bhaskar', 0, 'DB', 1, '2020-03-01 00:00:00', 3, 2020, '2020-03-01 16:40:40', 4),
(206, 175, 31, 12, 'Danik Bhaskar', 0, 'DB', 1, '2020-03-01 00:00:00', 3, 2020, '2020-03-01 16:40:40', 4),
(207, 176, 32, 12, 'Danik Bhaskar', 0, 'DB', 1, '2020-03-01 00:00:00', 3, 2020, '2020-03-01 16:40:40', 4),
(208, 177, 34, 12, 'Danik Bhaskar', 0, 'DB', 1, '2020-03-01 00:00:00', 3, 2020, '2020-03-01 16:40:41', 4),
(209, 178, 35, 12, 'Danik Bhaskar', 0, 'DB', 1, '2020-03-01 00:00:00', 3, 2020, '2020-03-01 16:40:41', 4),
(210, 179, 40, 12, 'Danik Bhaskar', 0, 'DB', 1, '2020-03-01 00:00:00', 3, 2020, '2020-03-01 16:40:41', 4),
(211, 180, 41, 12, 'Danik Bhaskar', 0, 'DB', 1, '2020-03-01 00:00:00', 3, 2020, '2020-03-01 16:40:41', 4),
(212, 181, 44, 12, 'Danik Bhaskar', 0, 'DB', 1, '2020-03-01 00:00:00', 3, 2020, '2020-03-01 16:40:41', 4),
(213, 182, 45, 12, 'Danik Bhaskar', 0, 'DB', 1, '2020-03-01 00:00:00', 3, 2020, '2020-03-01 16:40:41', 4),
(214, 183, 50, 13, 'Rajasthan Patrika', 0, 'RP', 1, '2020-03-01 00:00:00', 3, 2020, '2020-03-01 16:40:41', 4),
(215, 184, 52, 13, 'Rajasthan Patrika', 0, 'RP', 1, '2020-03-01 00:00:00', 3, 2020, '2020-03-01 16:40:42', 4),
(216, 185, 57, 12, 'Danik Bhaskar', 0, 'DB', 1, '2020-03-01 00:00:00', 3, 2020, '2020-03-01 16:40:42', 4),
(217, 186, 58, 12, 'Danik Bhaskar', 0, 'DB', 1, '2020-03-01 00:00:00', 3, 2020, '2020-03-01 16:40:42', 4),
(218, 187, 59, 12, 'Danik Bhaskar', 0, 'DB', 1, '2020-03-01 00:00:00', 3, 2020, '2020-03-01 16:40:42', 4),
(219, 188, 61, 13, 'Rajasthan Patrika', 0, 'RP', 1, '2020-03-01 00:00:00', 3, 2020, '2020-03-01 16:40:42', 4),
(220, 189, 64, 13, 'Rajasthan Patrika', 0, 'RP', 1, '2020-03-01 00:00:00', 3, 2020, '2020-03-01 16:40:43', 4),
(221, 190, 66, 12, 'Danik Bhaskar', 0, 'DB', 1, '2020-03-01 00:00:00', 3, 2020, '2020-03-01 16:40:43', 4),
(222, 191, 67, 12, 'Danik Bhaskar', 0, 'DB', 1, '2020-03-01 00:00:00', 3, 2020, '2020-03-01 16:40:43', 4),
(223, 192, 68, 12, 'Danik Bhaskar', 0, 'DB', 1, '2020-03-01 00:00:00', 3, 2020, '2020-03-01 16:40:43', 4),
(224, 193, 70, 13, 'Rajasthan Patrika', 0, 'RP', 1, '2020-03-01 00:00:00', 3, 2020, '2020-03-01 16:40:43', 4),
(225, 194, 71, 12, 'Danik Bhaskar', 0, 'DB', 2, '2020-03-01 00:00:00', 3, 2020, '2020-03-01 16:40:43', 4),
(226, 194, 71, 13, 'Rajasthan Patrika', 0, 'RP', 1, '2020-03-01 00:00:00', 3, 2020, '2020-03-01 16:40:43', 4),
(227, 195, 65, 12, 'Danik Bhaskar', 0, 'DB', 1, '2020-03-01 00:00:00', 3, 2020, '2020-03-01 16:40:44', 4),
(228, 196, 62, 13, 'Rajasthan Patrika', 0, 'RP', 1, '2020-03-01 00:00:00', 3, 2020, '2020-03-01 16:40:44', 4),
(229, 197, 63, 13, 'Rajasthan Patrika', 0, 'RP', 1, '2020-03-01 00:00:00', 3, 2020, '2020-03-01 16:40:44', 4),
(230, 198, 69, 12, 'Danik Bhaskar', 0, 'DB', 1, '2020-03-01 00:00:00', 3, 2020, '2020-03-01 16:40:44', 4);

-- --------------------------------------------------------

--
-- Table structure for table `cash_memo`
--

CREATE TABLE `cash_memo` (
  `id` int(11) NOT NULL,
  `user_name` varchar(255) NOT NULL,
  `user_code` varchar(11) NOT NULL,
  `user_id` int(11) NOT NULL,
  `cash_amount` float NOT NULL,
  `entry_date` datetime NOT NULL,
  `entry_utc` varchar(255) NOT NULL,
  `created` timestamp NOT NULL DEFAULT CURRENT_TIMESTAMP,
  `parent_user_id` int(11) NOT NULL
) ENGINE=InnoDB DEFAULT CHARSET=utf8;

--
-- Dumping data for table `cash_memo`
--

INSERT INTO `cash_memo` (`id`, `user_name`, `user_code`, `user_id`, `cash_amount`, `entry_date`, `entry_utc`, `created`, `parent_user_id`) VALUES
(1, ' AADITYA UDHYOG                            ', 'C2675', 62, 1000, '2019-01-10 00:00:00', '1547078400', '2019-03-24 05:40:49', 4),
(2, ' AAPNI YOJNA  RATANGARH                ', 'C3804', 65, 1500, '2019-01-10 00:00:00', '1547078400', '2019-03-24 05:40:49', 4),
(3, 'SULTAN SINGH HOTAL ', 'C1313', 25, 500, '2019-01-15 00:00:00', '1547510400', '2019-03-24 05:41:34', 4),
(4, 'KARNI UDHOG RICKO      ', 'C3652', 27, 900, '2019-01-15 00:00:00', '1547510400', '2019-03-24 05:41:34', 4),
(5, 'SITARAM PREAJAPAT HOTAL  ', 'C7540', 35, 500, '2019-01-17 00:00:00', '1547683200', '2019-03-24 05:42:17', 4),
(6, ' LAXMI BARKET ', 'C1326', 43, 700, '2019-01-17 00:00:00', '1547683200', '2019-03-24 05:42:17', 4),
(7, ' AASHIS JAKHAD                            ', 'C5797', 63, 500, '2019-01-10 00:00:00', '1547078400', '2019-03-24 05:53:52', 4),
(8, '  B N ART PLACE             ', 'C3733', 59, 500, '2019-01-10 00:00:00', '1547078400', '2019-03-24 05:53:52', 4),
(9, 'BABU SHING TEA STALL RICC ', 'C7966', 37, 100, '2019-01-10 00:00:00', '1547078400', '2019-03-24 05:53:52', 4);

-- --------------------------------------------------------

--
-- Table structure for table `prices_daily`
--

CREATE TABLE `prices_daily` (
  `id` int(11) NOT NULL,
  `product_id` int(11) NOT NULL,
  `sun` float NOT NULL,
  `mon` float NOT NULL,
  `tue` float NOT NULL,
  `wed` float NOT NULL,
  `thu` float NOT NULL,
  `fri` float NOT NULL,
  `sat` float NOT NULL,
  `created` datetime NOT NULL DEFAULT CURRENT_TIMESTAMP,
  `modified` datetime NOT NULL DEFAULT CURRENT_TIMESTAMP,
  `status` enum('y','n') NOT NULL DEFAULT 'y',
  `parent_user_id` int(11) NOT NULL
) ENGINE=InnoDB DEFAULT CHARSET=utf8;

--
-- Dumping data for table `prices_daily`
--

INSERT INTO `prices_daily` (`id`, `product_id`, `sun`, `mon`, `tue`, `wed`, `thu`, `fri`, `sat`, `created`, `modified`, `status`, `parent_user_id`) VALUES
(6, 12, 5, 5, 5, 5, 5, 5, 5, '2019-03-23 15:49:45', '2019-03-23 15:49:45', 'y', 4),
(7, 13, 4, 4, 4, 4, 4, 4, 4, '2019-03-23 15:50:14', '2019-03-23 15:50:14', 'y', 4),
(8, 14, 5, 5, 5, 5, 5, 5, 5, '2019-03-23 15:50:59', '2019-03-23 15:50:59', 'y', 4),
(9, 15, 5, 5, 5, 5, 5, 5, 5, '2019-03-23 15:51:50', '2019-03-23 15:51:50', 'y', 4),
(10, 16, 3, 3, 3, 3, 3, 3, 3, '2019-03-23 15:54:00', '2019-03-23 15:54:00', 'y', 4),
(11, 17, 3, 3, 3, 3, 3, 3, 3, '2019-03-23 15:56:29', '2019-03-23 15:56:29', 'y', 4),
(12, 18, 4, 4, 4, 4, 4, 4, 4, '2019-03-23 15:58:02', '2019-03-23 15:58:02', 'y', 4),
(13, 19, 2.5, 2.5, 2.5, 2.5, 2.5, 2.5, 2.5, '2019-03-26 04:06:19', '2019-03-26 04:06:19', 'y', 4);

-- --------------------------------------------------------

--
-- Table structure for table `prices_montly`
--

CREATE TABLE `prices_montly` (
  `id` int(11) NOT NULL,
  `product_id` int(11) NOT NULL,
  `jan` float NOT NULL,
  `feb` float NOT NULL,
  `march` float NOT NULL,
  `april` float NOT NULL,
  `may` float NOT NULL,
  `june` float NOT NULL,
  `july` float NOT NULL,
  `aug` float NOT NULL,
  `sept` float NOT NULL,
  `oct` float NOT NULL,
  `nov` float NOT NULL,
  `december` float NOT NULL,
  `created` datetime NOT NULL DEFAULT CURRENT_TIMESTAMP,
  `modified` datetime NOT NULL DEFAULT CURRENT_TIMESTAMP,
  `states` enum('y','n') NOT NULL DEFAULT 'y',
  `parent_user_id` int(11) NOT NULL
) ENGINE=InnoDB DEFAULT CHARSET=utf8;

-- --------------------------------------------------------

--
-- Table structure for table `print_plan`
--

CREATE TABLE `print_plan` (
  `id` int(11) NOT NULL,
  `user_id` int(11) NOT NULL,
  `route_id` int(11) NOT NULL,
  `area_id` int(11) NOT NULL,
  `seq_no` int(11) NOT NULL,
  `created` datetime NOT NULL DEFAULT CURRENT_TIMESTAMP,
  `modified` datetime NOT NULL DEFAULT CURRENT_TIMESTAMP,
  `status` enum('y','n') NOT NULL DEFAULT 'y',
  `parent_user_id` int(11) NOT NULL
) ENGINE=InnoDB DEFAULT CHARSET=utf8;

-- --------------------------------------------------------

--
-- Table structure for table `products`
--

CREATE TABLE `products` (
  `id` int(11) NOT NULL,
  `product_name` varchar(255) NOT NULL,
  `product_code` varchar(255) NOT NULL,
  `price_type` varchar(255) NOT NULL,
  `joining_date` datetime DEFAULT NULL,
  `fix_price` float NOT NULL,
  `created` datetime NOT NULL DEFAULT CURRENT_TIMESTAMP,
  `modified` datetime NOT NULL DEFAULT CURRENT_TIMESTAMP,
  `status` enum('y','n') NOT NULL DEFAULT 'y',
  `parent_user_id` int(11) NOT NULL
) ENGINE=InnoDB DEFAULT CHARSET=utf8;

--
-- Dumping data for table `products`
--

INSERT INTO `products` (`id`, `product_name`, `product_code`, `price_type`, `joining_date`, `fix_price`, `created`, `modified`, `status`, `parent_user_id`) VALUES
(12, 'Danik Bhaskar', 'BHASAKAR', 'daily', NULL, 0, '2019-03-23 15:49:45', '2019-03-23 15:49:45', 'y', 4),
(13, 'Rajasthan Patrika', 'PATRIKA', 'daily', NULL, 0, '2019-03-23 15:50:14', '2019-03-23 15:50:14', 'y', 4),
(14, 'The Times of India', 'TTOI', 'daily', NULL, 0, '2019-03-23 15:50:59', '2019-03-23 15:50:59', 'n', 4),
(15, 'Hindustan Times', 'H.TIMES', 'daily', NULL, 0, '2019-03-23 15:51:50', '2019-03-23 15:51:50', 'y', 4),
(16, 'ASSPASS', 'ASSPASS', 'daily', NULL, 0, '2019-03-23 15:54:00', '2019-03-23 15:54:00', 'y', 4),
(17, 'Rashtradoot', 'RASHTRADOOT', 'daily', NULL, 0, '2019-03-23 15:56:29', '2019-03-23 15:56:29', 'y', 4),
(18, 'Dainik Navajyoti ', 'NAVJYOTI', 'daily', NULL, 0, '2019-03-23 15:58:02', '2019-03-23 15:58:02', 'y', 4),
(19, 'PunjabKesari', 'PUNJABKESARI', 'daily', NULL, 0, '2019-03-26 04:06:19', '2019-03-26 04:06:19', 'y', 4);

-- --------------------------------------------------------

--
-- Table structure for table `route`
--

CREATE TABLE `route` (
  `id` int(11) NOT NULL,
  `route_name` varchar(255) NOT NULL,
  `route_code` varchar(255) NOT NULL,
  `delivery_charge` float NOT NULL,
  `created` datetime NOT NULL DEFAULT CURRENT_TIMESTAMP,
  `modified` datetime NOT NULL DEFAULT CURRENT_TIMESTAMP,
  `status` enum('y','n') NOT NULL DEFAULT 'y',
  `parent_user_id` int(11) NOT NULL
) ENGINE=InnoDB DEFAULT CHARSET=utf8;

--
-- Dumping data for table `route`
--

INSERT INTO `route` (`id`, `route_name`, `route_code`, `delivery_charge`, `created`, `modified`, `status`, `parent_user_id`) VALUES
(1, 'Gali No 5', 'GN5', 0, '2019-03-19 12:58:40', '2019-03-19 12:58:40', 'y', 1),
(2, 'GALI 1 TO 4', 'G14', 0, '2019-03-22 05:54:27', '2019-03-22 05:54:27', 'y', 1),
(3, 'GALI 6 TO 10 ', 'G610', 0, '2019-03-22 05:55:25', '2019-03-22 05:55:25', 'y', 1),
(4, 'DABARI TO LADI', 'DL', 0, '2019-03-22 05:56:14', '2019-03-22 05:56:14', 'y', 1),
(5, 'PENTROL PUMP', 'PP', 0, '2019-03-22 06:26:28', '2019-03-22 06:26:28', 'y', 1),
(6, 'KASHUMBI', 'KAS', 0, '2019-03-22 06:27:01', '2019-03-22 06:27:01', 'y', 1),
(7, 'MEGA HIEWAY', 'MH', 0, '2019-03-22 06:28:02', '2019-03-22 06:28:02', 'y', 1),
(8, 'MAIN BAZAR', 'MB', 0, '2019-03-22 06:55:48', '2019-03-22 06:55:48', 'y', 1),
(17, 'RTGH A', 'RTGH A', 0, '2020-03-01 16:55:05', '2020-03-01 16:55:05', 'y', 4),
(18, 'RTGH B', 'RTGH B', 0, '2020-03-01 16:55:16', '2020-03-01 16:55:16', 'y', 4),
(19, 'RTGH C', 'RTGH C', 0, '2020-03-01 16:56:02', '2020-03-01 16:56:02', 'y', 4),
(20, 'RTGH D 1', 'RTGH D 1', 0, '2020-03-01 16:56:14', '2020-03-01 16:56:14', 'y', 4),
(21, 'RTGH D 2', 'RTGH D 2', 0, '2020-03-01 16:56:28', '2020-03-01 16:56:28', 'y', 4),
(22, 'RTGH D 3', 'RTGH D 3', 0, '2020-03-01 16:56:36', '2020-03-01 16:56:36', 'y', 4),
(23, 'RTGH D 4', 'RTGH D 4', 0, '2020-03-01 16:56:47', '2020-03-01 16:56:47', 'y', 4);

-- --------------------------------------------------------

--
-- Table structure for table `routeplan`
--

CREATE TABLE `routeplan` (
  `id` int(11) NOT NULL,
  `user_id` int(11) NOT NULL,
  `route_id` int(11) NOT NULL,
  `area_id` int(11) NOT NULL,
  `seq_no` int(11) NOT NULL,
  `created` datetime NOT NULL DEFAULT CURRENT_TIMESTAMP,
  `modified` datetime NOT NULL DEFAULT CURRENT_TIMESTAMP,
  `status` enum('y','n') NOT NULL DEFAULT 'y',
  `parent_user_id` int(11) NOT NULL
) ENGINE=InnoDB DEFAULT CHARSET=utf8;

--
-- Dumping data for table `routeplan`
--

INSERT INTO `routeplan` (`id`, `user_id`, `route_id`, `area_id`, `seq_no`, `created`, `modified`, `status`, `parent_user_id`) VALUES
(1, 2, 1, 5, 1, '2019-03-19 13:39:09', '2019-03-19 13:39:09', 'y', 1),
(2, 5, 2, 5, 2, '2019-03-22 05:59:49', '2019-03-22 05:59:49', 'y', 1),
(3, 6, 3, 6, 3, '2019-03-22 06:01:21', '2019-03-22 06:01:21', 'y', 1),
(4, 7, 4, 7, 4, '2019-03-22 06:13:31', '2019-03-22 06:13:31', 'y', 1),
(5, 11, 4, 7, 5, '2019-03-22 06:20:10', '2019-03-22 06:20:10', 'y', 1),
(6, 12, 3, 5, 6, '2019-03-22 06:20:54', '2019-03-22 06:20:54', 'y', 1),
(7, 13, 3, 5, 7, '2019-03-22 06:23:01', '2019-03-22 06:23:01', 'y', 1),
(8, 14, 4, 5, 8, '2019-03-22 06:24:39', '2019-03-22 06:24:39', 'y', 1),
(9, 15, 2, 6, 9, '2019-03-22 06:36:02', '2019-03-22 06:36:02', 'y', 1),
(10, 16, 6, 7, 10, '2019-03-22 06:39:15', '2019-03-22 06:39:15', 'y', 1),
(11, 17, 6, 5, 11, '2019-03-22 06:44:58', '2019-03-22 06:44:58', 'y', 1),
(12, 18, 8, 6, 12, '2019-03-22 06:57:57', '2019-03-22 06:57:57', 'y', 1),
(13, 19, 8, 5, 13, '2019-03-22 06:59:22', '2019-03-22 06:59:22', 'y', 1),
(14, 20, 8, 5, 14, '2019-03-22 07:00:12', '2019-03-22 07:00:12', 'y', 1),
(15, 21, 3, 6, 15, '2019-03-22 07:01:16', '2019-03-22 07:01:16', 'y', 1);

-- --------------------------------------------------------

--
-- Table structure for table `users`
--

CREATE TABLE `users` (
  `id` int(11) NOT NULL,
  `user_code` varchar(50) NOT NULL,
  `name` varchar(255) NOT NULL,
  `mobile` varchar(50) NOT NULL,
  `email` varchar(255) NOT NULL,
  `password` varchar(255) NOT NULL,
  `role_id` int(11) NOT NULL DEFAULT '1' COMMENT '1-normal user,2- vendor',
  `parent_user_id` int(11) NOT NULL,
  `route_id` int(11) NOT NULL,
  `area_id` varchar(255) NOT NULL,
  `address` varchar(255) NOT NULL,
  `dob` datetime DEFAULT NULL,
  `extra_phoneno` varchar(255) NOT NULL,
  `adhar_no` varchar(50) NOT NULL,
  `pan_no` varchar(50) NOT NULL,
  `join_date` datetime DEFAULT NULL,
  `balance` float NOT NULL,
  `balance_states` enum('adv','outstanding') NOT NULL DEFAULT 'outstanding',
  `working_type` varchar(255) NOT NULL,
  `fix_working_days` int(11) NOT NULL,
  `created` datetime NOT NULL DEFAULT CURRENT_TIMESTAMP,
  `created_utc` varchar(255) NOT NULL,
  `modified` datetime NOT NULL DEFAULT CURRENT_TIMESTAMP,
  `status` enum('active','inactive','block','close') NOT NULL DEFAULT 'active',
  `activation_date` varchar(255) NOT NULL,
  `expire_date` varchar(255) NOT NULL
) ENGINE=InnoDB DEFAULT CHARSET=utf8;

--
-- Dumping data for table `users`
--

INSERT INTO `users` (`id`, `user_code`, `name`, `mobile`, `email`, `password`, `role_id`, `parent_user_id`, `route_id`, `area_id`, `address`, `dob`, `extra_phoneno`, `adhar_no`, `pan_no`, `join_date`, `balance`, `balance_states`, `working_type`, `fix_working_days`, `created`, `created_utc`, `modified`, `status`, `activation_date`, `expire_date`) VALUES
(1, 'surya', 'surya', '9024282477', 'bhaskar', '31874e950462d436908109bcf8ec6609aa75a149', 2, 0, 5, '4,5', '', NULL, '', '', '', NULL, 0, 'outstanding', '', 0, '2018-05-04 16:51:10', '', '2018-05-04 16:51:10', 'active', '', '1590883200'),
(2, 'A1', 'सूर्य प्रकाश उपाध्याय ', '9024282477', 'surya.jsh9400@gmail.com', '', 1, 1, 1, '5', '', NULL, '', '', '', '2019-03-01 00:00:00', 100, 'outstanding', '', 0, '2019-03-19 13:39:09', '1552953600', '2019-03-19 13:39:09', 'active', '', ''),
(4, 'gopal', 'Hitesh', '9414086086', 'rath', '31874e950462d436908109bcf8ec6609aa75a149', 2, 0, 5, '4,5', '', NULL, '', '', '', NULL, 0, 'outstanding', '', 0, '2018-05-04 16:51:10', '', '2018-05-04 16:51:10', 'active', '', '1590883200'),
(5, 'YD', 'YASH DAYRI & इक्रीम ', '1234656789', '', '', 1, 1, 2, '5', '', NULL, '', '', '', NULL, 0, 'outstanding', '', 0, '2019-03-22 05:59:49', '1553212800', '2019-03-22 05:59:49', 'active', '', ''),
(6, 'A6', 'B L TAILORS', '', '', '', 1, 1, 3, '6', '', NULL, '', '', '', NULL, 1560, 'outstanding', '', 0, '2019-03-22 06:01:21', '1553212800', '2019-03-22 06:01:21', 'active', '', ''),
(7, 'GH', 'GAJRAJ HOTEL ', '', '', '', 1, 1, 4, '7', '', NULL, '', '', '', NULL, 1400, 'outstanding', '', 0, '2019-03-22 06:13:31', '1553212800', '2019-03-22 06:13:31', 'active', '', ''),
(9, 'GH1', 'GANESH HOTEL', '', '', '', 1, 1, 3, '5', '', NULL, '', '', '', NULL, 700, 'outstanding', '', 0, '2019-03-22 06:15:55', '1553212800', '2019-03-22 06:15:55', 'active', '', ''),
(11, 'A10', 'JAWALJI PANWADI', '', '', '', 1, 1, 4, '7', '', NULL, '', '', '', NULL, 500, 'outstanding', '', 0, '2019-03-22 06:20:10', '1553212800', '2019-03-22 06:20:10', 'active', '', ''),
(12, 'A12', 'NARAYAN JOSHI', '', '', '', 1, 1, 3, '5', '', NULL, '', '', '', NULL, 300, 'outstanding', '', 0, '2019-03-22 06:20:54', '1553212800', '2019-03-22 06:20:54', 'active', '', ''),
(13, 'A13', 'नारायण जोशी', '', '', '', 1, 1, 3, '5', '', NULL, '', '', '', NULL, 800, 'outstanding', '', 0, '2019-03-22 06:23:01', '1553212800', '2019-03-22 06:23:01', 'active', '', ''),
(14, 'A14', 'SUBASH RASTORENT ', '', '', '', 1, 1, 4, '5', '', NULL, '', '', '', NULL, 1000, 'outstanding', '', 0, '2019-03-22 06:24:39', '1553212800', '2019-03-22 06:24:39', 'active', '', ''),
(15, 'A15', 'SHYAM MISTAN BANDAR', '', '', '', 1, 1, 2, '6', '', NULL, '', '', '', NULL, 450, 'adv', '', 0, '2019-03-22 06:36:02', '1553212800', '2019-03-22 06:36:02', 'active', '', ''),
(16, 'A16', 'SADHANA PREES', '', '', '', 1, 1, 6, '7', '', NULL, '', '', '', NULL, 360, 'outstanding', '', 0, '2019-03-22 06:39:15', '1553212800', '2019-03-22 06:39:15', 'active', '', ''),
(17, 'A17', 'NIJAM JARNAL STORE ', '', '', '', 1, 1, 6, '5', '', NULL, '', '', '', NULL, 140, 'outstanding', '', 0, '2019-03-22 06:44:58', '1553212800', '2019-03-22 06:44:58', 'active', '', ''),
(18, 'A18', 'MAHESH PAN BHANDAR', '', '', '', 1, 1, 8, '6', '', NULL, '', '', '', NULL, 500, 'outstanding', '', 0, '2019-03-22 06:57:56', '1553212800', '2019-03-22 06:57:56', 'active', '', ''),
(19, 'A19', 'ARJU HARE DRESAR', '', '', '', 1, 1, 8, '5', '', NULL, '', '', '', NULL, 1150, 'outstanding', '', 0, '2019-03-22 06:59:22', '1553212800', '2019-03-22 06:59:22', 'active', '', ''),
(20, 'A20', 'TANVAR HERE DRESER', '', '', '', 1, 1, 8, '5', '', NULL, '', '', '', NULL, 750, 'outstanding', '', 0, '2019-03-22 07:00:11', '1553212800', '2019-03-22 07:00:11', 'active', '', ''),
(21, 'A21', 'GOVINDPRSAD RADHASHYAM', '', '', '', 1, 1, 3, '6', '', NULL, '', '', '', NULL, 500, 'adv', '', 0, '2019-03-22 07:01:16', '1553212800', '2019-03-22 07:01:16', 'active', '', ''),
(22, '5HYMK5', 'Surya Prakash', '9352689400', '', '', 3, 1, 3, '', '', NULL, '', '', '', NULL, 0, 'outstanding', '', 0, '2019-03-22 14:08:15', '', '2019-03-22 14:08:15', 'active', '', ''),
(23, 'RMEU5D', 'RAHUL', '', '', '', 3, 1, 6, '', '', NULL, '', '', '', NULL, 0, 'outstanding', '', 0, '2019-03-22 14:11:01', '', '2019-03-22 14:11:01', 'active', '', ''),
(24, 'C1310', 'SHYAM SUNDAR SHARMA', '', '', '', 1, 4, 9, '9', '', NULL, '', '', '', NULL, 170, 'outstanding', '', 0, '2019-03-23 16:19:29', '1553299200', '2019-03-23 16:19:29', 'active', '', ''),
(25, 'C1313', 'SULTAN SINGH HOTAL', '', '', '', 1, 4, 10, '9', '', NULL, '', '', '', NULL, 3588, 'outstanding', '', 0, '2019-03-23 16:20:43', '1553299200', '2019-03-23 16:20:43', 'active', '', ''),
(26, 'C4332', ' BALAGI SED STONE RICO  ', '', '', '', 1, 4, 11, '9', '', NULL, '', '', '', NULL, 8470, 'outstanding', '', 0, '2019-03-23 16:22:03', '1553299200', '2019-03-23 16:22:03', 'active', '', ''),
(27, 'C3652', 'KARNI UDHOG RICKO     ', '', '', '', 1, 4, 11, '9', '', NULL, '', '', '', NULL, 7500, 'outstanding', '', 0, '2019-03-23 16:24:22', '1553299200', '2019-03-23 16:24:22', 'active', '', ''),
(28, 'C4616', 'MAMRAJ CHODURI RICKO   ', '', '', '', 1, 4, 11, '9', '', NULL, '', '', '', NULL, 6515, 'outstanding', '', 0, '2019-03-23 16:26:44', '1553299200', '2019-03-23 16:26:44', 'active', '', ''),
(30, 'C7534', 'RADHASHYAM HOTAL', '', '', '', 1, 4, 12, '9', '', NULL, '', '', '', NULL, 2720, 'outstanding', '', 0, '2019-03-23 16:31:07', '1553299200', '2019-03-23 16:31:07', 'active', '', ''),
(31, 'C7879', 'RAJISAR WALA KHICHI', '', '', '', 1, 4, 12, '9', '', NULL, '', '', '', NULL, 4760, 'outstanding', '', 0, '2019-03-23 16:36:50', '1553299200', '2019-03-23 16:36:50', 'active', '', ''),
(32, 'C7969', 'RAMOTAR TAYAR PANCHER WAL', '', '', '', 1, 4, 12, '9', '', NULL, '', '', '', NULL, 170, 'outstanding', '', 0, '2019-03-23 16:37:51', '1553299200', '2019-03-23 16:37:51', 'active', '', ''),
(33, 'C1311', 'RAM KUMAR TEAWALE', '', '', '', 1, 4, 9, '9', '', NULL, '', '', '', NULL, 6920, 'outstanding', '', 0, '2019-03-23 16:38:56', '1553299200', '2019-03-23 16:38:56', 'active', '', ''),
(34, 'C7880', 'JAGDAMBA HOTAL RICKO ', '', '', '', 1, 4, 12, '9', '', NULL, '', '', '', NULL, 4580, 'outstanding', '', 0, '2019-03-23 16:40:16', '1553299200', '2019-03-23 16:40:16', 'active', '', ''),
(35, 'C7540', 'SITARAM PREAJAPAT HOTAL ', '', '', '', 1, 4, 12, '9', '', NULL, '', '', '', NULL, 3400, 'outstanding', '', 0, '2019-03-23 16:41:59', '1553299200', '2019-03-23 16:41:59', 'active', '', ''),
(36, 'C3120', 'BHAVAR SINGH S/O HANUMAN', '', '', '', 1, 4, 9, '9', '', NULL, '', '', '', NULL, 500, 'outstanding', '', 0, '2019-03-23 16:42:53', '1553299200', '2019-03-23 16:42:53', 'active', '', ''),
(37, 'C7966', 'BABU SHING TEA STALL RICC', '', '', '', 1, 4, 10, '9', '', NULL, '', '', '', NULL, 1880, 'outstanding', '', 0, '2019-03-23 16:44:21', '1553299200', '2019-03-23 16:44:21', 'active', '', ''),
(38, 'C1321', 'KHINCHI INTERPRIJEJ', '', '', '', 1, 4, 9, '9', '', NULL, '', '', '', NULL, 170, 'outstanding', '', 0, '2019-03-23 16:45:49', '1553299200', '2019-03-23 16:45:49', 'active', '', ''),
(39, 'C1323', 'MARUSTHALIAY HANDI CRAFT  ', '', '', '', 1, 4, 9, '9', '', NULL, '', '', '', NULL, 170, 'outstanding', '', 0, '2019-03-23 16:46:31', '1553299200', '2019-03-23 16:46:31', 'active', '', ''),
(40, 'C6844 ', 'PREM INDSTREES FACTORI ', '', '', '', 1, 4, 12, '9', '', NULL, '', '', '', NULL, 2050, 'outstanding', '', 0, '2019-03-23 16:48:13', '1553299200', '2019-03-23 16:48:13', 'active', '', ''),
(41, 'C7167 ', 'SARAF HANDIGRAFT', '', '', '', 1, 4, 12, '9', '', NULL, '', '', '', NULL, 850, 'outstanding', '', 0, '2019-03-23 16:51:21', '1553299200', '2019-03-23 16:51:21', 'active', '', ''),
(42, ' C1325 ', 'VIKASH INTERPRIJEJ', '', '', '', 1, 4, 9, '9', '', NULL, '', '', '', NULL, 1620, 'outstanding', '', 0, '2019-03-23 16:52:41', '1553299200', '2019-03-23 16:52:41', 'active', '', ''),
(43, 'C1326', ' LAXMI BARKET', '', '', '', 1, 4, 9, '9', '', NULL, '', '', '', NULL, 340, 'outstanding', '', 0, '2019-03-23 16:53:35', '1553299200', '2019-03-23 16:53:35', 'active', '', ''),
(44, 'C7883', ' PRAJIPATI INDISTRESS  ', '', '', '', 1, 4, 12, '9', '', NULL, '', '', '', NULL, 5100, 'outstanding', '', 0, '2019-03-23 16:54:30', '1553299200', '2019-03-23 16:54:30', 'active', '', ''),
(45, ' C2892 ', 'ASHOK HIRAWAT TRANSFARMER', '', '', '', 1, 4, 12, '9', '', NULL, '', '', '', NULL, 850, 'outstanding', '', 0, '2019-03-23 16:55:06', '1553299200', '2019-03-23 16:55:06', 'active', '', ''),
(46, 'C1329', ' GVARGAM FACTRY', '', '', '', 1, 4, 9, '9', '', NULL, '', '', '', NULL, 5550, 'outstanding', '', 0, '2019-03-23 16:56:08', '1553299200', '2019-03-23 16:56:08', 'active', '', ''),
(47, 'C3730', '  SHARMA SUPLAYERS RICO  ', '', '', '', 1, 4, 11, '9', '', NULL, '', '', '', NULL, 170, 'outstanding', '', 0, '2019-03-23 16:57:10', '1553299200', '2019-03-23 16:57:10', 'active', '', ''),
(48, 'C4766', '  ONKAR JI SIDH FACTORI ', '', '', '', 1, 4, 11, '9', '', NULL, '', '', '', NULL, 2570, 'outstanding', '', 0, '2019-03-23 16:57:59', '1553299200', '2019-03-23 16:57:59', 'active', '', ''),
(49, 'C1337', ' OM INDASTRIJ ', '', '', '', 1, 4, 9, '9', '', NULL, '', '', '', NULL, 2705, 'outstanding', '', 0, '2019-03-23 16:59:03', '1553299200', '2019-03-23 16:59:03', 'active', '', ''),
(50, 'C7520', ' MAYUR HANDI CRAFT                     ', '', '', '', 1, 4, 12, '9', '', NULL, '', '', '', NULL, 340, 'outstanding', '', 0, '2019-03-23 17:00:09', '1553299200', '2019-03-23 17:00:09', 'active', '', ''),
(51, 'C1338', ' UMA ART                             ', '', '', '', 1, 4, 9, '8', '', NULL, '', '', '', NULL, 2085, 'outstanding', '', 0, '2019-03-23 17:01:21', '1553299200', '2019-03-23 17:01:21', 'active', '', ''),
(52, 'C3401', 'SHRIRAM TREDEDING CO.     ', '', '', '', 1, 4, 12, '9', '', NULL, '', '', '', NULL, 1530, 'outstanding', '', 0, '2019-03-23 17:02:35', '1553299200', '2019-03-23 17:02:35', 'active', '', ''),
(53, 'C1335', ' MAMTA  HANDI CRAFT        ', '', '', '', 1, 4, 9, '9', '', NULL, '', '', '', NULL, 850, 'outstanding', '', 0, '2019-03-23 17:10:16', '1553299200', '2019-03-23 17:10:16', 'active', '', ''),
(54, 'C1334 ', 'SITA HANDI CRAFT          ', '', '', '', 1, 4, 9, '9', '', NULL, '', '', '', NULL, 170, 'outstanding', '', 0, '2019-03-23 17:11:47', '1553299200', '2019-03-23 17:11:47', 'active', '', ''),
(56, ' C1336', ' SOHAN LAL JI TEAWALE            ', '', '', '', 1, 4, 9, '9', '', NULL, '', '', '', NULL, 1900, 'outstanding', '', 0, '2019-03-23 17:31:57', '1553299200', '2019-03-23 17:31:57', 'active', '', ''),
(57, 'C5713', ' ROCKGOLD CEMENT           ', '', '', '', 1, 4, 12, '9', '', NULL, '', '', '', NULL, 170, 'outstanding', '', 0, '2019-03-23 17:33:58', '1553299200', '2019-03-23 17:33:58', 'active', '', ''),
(58, 'C7545', '  BAJALI AEREGAION         ', '', '', '', 1, 4, 12, '9', '', NULL, '', '', '', NULL, 410, 'outstanding', '', 0, '2019-03-23 17:35:22', '1553299200', '2019-03-23 17:35:22', 'active', '', ''),
(59, 'C3733', '  B N ART PLACE            ', '', '', '', 1, 4, 12, '9', '', NULL, '', '', '', NULL, 2730, 'outstanding', '', 0, '2019-03-23 17:36:13', '1553299200', '2019-03-23 17:36:13', 'active', '', ''),
(60, 'C2649', '    P.K.BERI FACTORI                          ', '', '', '', 1, 4, 11, '9', '', NULL, '', '', '', NULL, 20900, 'outstanding', '', 0, '2019-03-23 17:38:48', '1553299200', '2019-03-23 17:38:48', 'active', '', ''),
(61, 'C5376', ' SAI INDSTRIG                 ', '', '', '', 1, 4, 12, '9', '', NULL, '', '', '', NULL, 1870, 'outstanding', '', 0, '2019-03-24 04:59:05', '1553385600', '2019-03-24 04:59:05', 'active', '', ''),
(62, 'C2675', ' AADITYA UDHYOG                           ', '', '', '', 1, 4, 15, '9', '', NULL, '', '', '', NULL, 10356, 'outstanding', '', 0, '2019-03-24 05:03:14', '1553385600', '2019-03-24 05:03:14', 'active', '', ''),
(63, 'C5797', ' AASHIS JAKHAD                           ', '', '', '', 1, 4, 15, '9', '', NULL, '', '', '', NULL, 10840, 'outstanding', '', 0, '2019-03-24 05:04:01', '1553385600', '2019-03-24 05:04:01', 'active', '', ''),
(64, 'C7771', '  FOREST OFFICE            ', '', '', '', 1, 4, 12, '9', '', NULL, '', '', '', NULL, 3400, 'outstanding', '', 0, '2019-03-24 05:04:43', '1553385600', '2019-03-24 05:04:43', 'active', '', ''),
(65, 'C3804', ' AAPNI YOJNA  RATANGARH               ', '', '', '', 1, 4, 14, '9', '', NULL, '', '', '', NULL, 9766, 'outstanding', '', 0, '2019-03-24 05:07:32', '1553385600', '2019-03-24 05:07:32', 'active', '', ''),
(66, 'C3968', ' ANOKHI HUT HOTAL          ', '', '', '', 1, 4, 12, '9', '', NULL, '', '', '', NULL, 1360, 'outstanding', '', 0, '2019-03-24 05:08:31', '1553385600', '2019-03-24 05:08:31', 'active', '', ''),
(67, 'C6313', ' LAXMI PLACE HOTAL         ', '', '', '', 1, 4, 12, '9', '', NULL, '', '', '', NULL, 1360, 'outstanding', '', 0, '2019-03-24 05:09:27', '1553385600', '2019-03-24 05:09:27', 'active', '', ''),
(68, 'C3583', '  PETRAOL PUMP HUDERA CHOUR ', '', '', '', 1, 4, 12, '9', '', NULL, '', '', '', NULL, 1360, 'outstanding', '', 0, '2019-03-24 05:28:05', '1553385600', '2019-03-24 05:28:05', 'active', '', ''),
(69, 'C5294 ', 'HARINATH TEA STALL HUDERA              ', '', '', '', 1, 4, 15, '9', '', NULL, '', '', '', NULL, 1360, 'outstanding', '', 0, '2019-03-24 05:30:11', '1553385600', '2019-03-24 05:30:11', 'active', '', ''),
(70, 'C6699', ' JAY MA KARNITEA STALL HUD ', '', '', '', 1, 4, 12, '9', '', NULL, '', '', '', NULL, 2065, 'outstanding', '', 0, '2019-03-24 05:31:07', '1553385600', '2019-03-24 05:31:07', 'active', '', ''),
(71, 'A71', 'सूर्य  प्रकाश ', '', '', '', 1, 4, 12, '8', '', NULL, '', '', '', NULL, 500, 'outstanding', '', 0, '2019-03-24 09:26:39', '1553385600', '2019-03-24 09:26:39', 'active', '', ''),
(73, 'YD2', 'YASH DAYRI & इक्रीम ', '1234656789', '', '', 1, 1, 2, '5', '', NULL, '', '', '', NULL, 0, 'outstanding', '', 0, '2019-03-22 05:59:49', '1553212800', '2019-03-22 05:59:49', 'active', '', '');

-- --------------------------------------------------------

--
-- Table structure for table `user_bill`
--

CREATE TABLE `user_bill` (
  `id` int(11) NOT NULL,
  `user_id` int(11) NOT NULL,
  `bill_created` datetime NOT NULL,
  `bill_amount` float NOT NULL,
  `before_balance` float NOT NULL,
  `after_balance` float NOT NULL,
  `payment_mode` varchar(255) NOT NULL,
  `comment` varchar(255) NOT NULL,
  `reciver_id` int(11) NOT NULL,
  `payment_date` datetime NOT NULL,
  `bill_status` varchar(255) NOT NULL DEFAULT 'unpaid',
  `created` datetime NOT NULL DEFAULT CURRENT_TIMESTAMP,
  `modified` datetime NOT NULL DEFAULT CURRENT_TIMESTAMP,
  `status` enum('y','n') NOT NULL DEFAULT 'y',
  `parent_user_id` int(11) NOT NULL
) ENGINE=InnoDB DEFAULT CHARSET=utf8;

--
-- Dumping data for table `user_bill`
--

INSERT INTO `user_bill` (`id`, `user_id`, `bill_created`, `bill_amount`, `before_balance`, `after_balance`, `payment_mode`, `comment`, `reciver_id`, `payment_date`, `bill_status`, `created`, `modified`, `status`, `parent_user_id`) VALUES
(1, 2, '2019-03-22 00:00:00', 96, -100, 96, '', 'monthly bill', 0, '0000-00-00 00:00:00', 'unpaid', '2019-03-23 10:33:45', '2019-03-23 10:33:45', 'y', 1),
(2, 5, '2019-03-22 00:00:00', 332, 0, 428, '', 'monthly bill', 0, '0000-00-00 00:00:00', 'unpaid', '2019-03-23 10:33:45', '2019-03-23 10:33:45', 'y', 1),
(3, 15, '2019-03-22 00:00:00', 462, 450, 890, '', 'monthly bill', 0, '0000-00-00 00:00:00', 'unpaid', '2019-03-23 10:33:45', '2019-03-23 10:33:45', 'y', 1),
(4, 6, '2019-03-22 00:00:00', 366, -1560, 1256, '', 'monthly bill', 0, '0000-00-00 00:00:00', 'unpaid', '2019-03-23 10:33:45', '2019-03-23 10:33:45', 'y', 1),
(5, 9, '2019-03-22 00:00:00', 0, -700, 1256, '', 'monthly bill', 0, '0000-00-00 00:00:00', 'unpaid', '2019-03-23 10:33:45', '2019-03-23 10:33:45', 'y', 1),
(6, 12, '2019-03-22 00:00:00', 366, -300, 1622, '', 'monthly bill', 0, '0000-00-00 00:00:00', 'unpaid', '2019-03-23 10:33:45', '2019-03-23 10:33:45', 'y', 1),
(7, 13, '2019-03-22 00:00:00', 456, -800, 2078, '', 'monthly bill', 0, '0000-00-00 00:00:00', 'unpaid', '2019-03-23 10:33:45', '2019-03-23 10:33:45', 'y', 1),
(8, 21, '2019-03-22 00:00:00', 236, 500, 2314, '', 'monthly bill', 0, '0000-00-00 00:00:00', 'unpaid', '2019-03-23 10:33:45', '2019-03-23 10:33:45', 'y', 1),
(9, 7, '2019-03-22 00:00:00', 613, -1400, 2927, '', 'monthly bill', 0, '0000-00-00 00:00:00', 'unpaid', '2019-03-23 10:33:46', '2019-03-23 10:33:46', 'y', 1),
(10, 11, '2019-03-22 00:00:00', 452, -500, 3379, '', 'monthly bill', 0, '0000-00-00 00:00:00', 'unpaid', '2019-03-23 10:33:46', '2019-03-23 10:33:46', 'y', 1),
(11, 14, '2019-03-22 00:00:00', 482, -1000, 3861, '', 'monthly bill', 0, '0000-00-00 00:00:00', 'unpaid', '2019-03-23 10:33:46', '2019-03-23 10:33:46', 'y', 1),
(12, 16, '2019-03-22 00:00:00', 462, -360, 4323, '', 'monthly bill', 0, '0000-00-00 00:00:00', 'unpaid', '2019-03-23 10:33:46', '2019-03-23 10:33:46', 'y', 1),
(13, 17, '2019-03-22 00:00:00', 332, -140, 4655, '', 'monthly bill', 0, '0000-00-00 00:00:00', 'unpaid', '2019-03-23 10:33:46', '2019-03-23 10:33:46', 'y', 1),
(14, 18, '2019-03-22 00:00:00', 332, -500, 4987, '', 'monthly bill', 0, '0000-00-00 00:00:00', 'unpaid', '2019-03-23 10:33:46', '2019-03-23 10:33:46', 'y', 1),
(15, 19, '2019-03-22 00:00:00', 452, -1150, 5439, '', 'monthly bill', 0, '0000-00-00 00:00:00', 'unpaid', '2019-03-23 10:33:46', '2019-03-23 10:33:46', 'y', 1),
(16, 20, '2019-03-22 00:00:00', 332, -750, 5771, '', 'monthly bill', 0, '0000-00-00 00:00:00', 'unpaid', '2019-03-23 10:33:46', '2019-03-23 10:33:46', 'y', 1),
(17, 24, '2019-03-29 00:00:00', 112, -170, 112, '', 'monthly bill', 0, '0000-00-00 00:00:00', 'unpaid', '2019-03-24 05:56:23', '2019-03-24 05:56:23', 'y', 4),
(18, 33, '2019-03-29 00:00:00', 112, -6920, 224, '', 'monthly bill', 0, '0000-00-00 00:00:00', 'unpaid', '2019-03-24 05:56:23', '2019-03-24 05:56:23', 'y', 4),
(19, 36, '2019-03-29 00:00:00', 140, -500, 364, '', 'monthly bill', 0, '0000-00-00 00:00:00', 'unpaid', '2019-03-24 05:56:23', '2019-03-24 05:56:23', 'y', 4),
(20, 38, '2019-03-29 00:00:00', 112, -170, 476, '', 'monthly bill', 0, '0000-00-00 00:00:00', 'unpaid', '2019-03-24 05:56:23', '2019-03-24 05:56:23', 'y', 4),
(21, 39, '2019-03-29 00:00:00', 140, -170, 616, '', 'monthly bill', 0, '0000-00-00 00:00:00', 'unpaid', '2019-03-24 05:56:23', '2019-03-24 05:56:23', 'y', 4),
(22, 42, '2019-03-29 00:00:00', 112, -1620, 728, '', 'monthly bill', 0, '0000-00-00 00:00:00', 'unpaid', '2019-03-24 05:56:23', '2019-03-24 05:56:23', 'y', 4),
(23, 43, '2019-03-29 00:00:00', 112, 360, 840, '', 'monthly bill', 0, '0000-00-00 00:00:00', 'unpaid', '2019-03-24 05:56:23', '2019-03-24 05:56:23', 'y', 4),
(24, 46, '2019-03-29 00:00:00', 392, -5550, 1232, '', 'monthly bill', 0, '0000-00-00 00:00:00', 'unpaid', '2019-03-24 05:56:23', '2019-03-24 05:56:23', 'y', 4),
(25, 49, '2019-03-29 00:00:00', 112, -2705, 1344, '', 'monthly bill', 0, '0000-00-00 00:00:00', 'unpaid', '2019-03-24 05:56:23', '2019-03-24 05:56:23', 'y', 4),
(26, 51, '2019-03-29 00:00:00', 140, -2085, 1484, '', 'monthly bill', 0, '0000-00-00 00:00:00', 'unpaid', '2019-03-24 05:56:23', '2019-03-24 05:56:23', 'y', 4),
(27, 53, '2019-03-29 00:00:00', 112, -850, 1596, '', 'monthly bill', 0, '0000-00-00 00:00:00', 'unpaid', '2019-03-24 05:56:23', '2019-03-24 05:56:23', 'y', 4),
(28, 54, '2019-03-29 00:00:00', 112, -170, 1708, '', 'monthly bill', 0, '0000-00-00 00:00:00', 'unpaid', '2019-03-24 05:56:23', '2019-03-24 05:56:23', 'y', 4),
(29, 56, '2019-03-29 00:00:00', 140, -1900, 1848, '', 'monthly bill', 0, '0000-00-00 00:00:00', 'unpaid', '2019-03-24 05:56:23', '2019-03-24 05:56:23', 'y', 4),
(30, 25, '2019-03-29 00:00:00', 112, -3088, 1960, '', 'monthly bill', 0, '0000-00-00 00:00:00', 'unpaid', '2019-03-24 05:56:23', '2019-03-24 05:56:23', 'y', 4),
(31, 37, '2019-03-29 00:00:00', 140, -1780, 2100, '', 'monthly bill', 0, '0000-00-00 00:00:00', 'unpaid', '2019-03-24 05:56:23', '2019-03-24 05:56:23', 'y', 4),
(32, 26, '2019-03-29 00:00:00', 112, -8470, 2212, '', 'monthly bill', 0, '0000-00-00 00:00:00', 'unpaid', '2019-03-24 05:56:23', '2019-03-24 05:56:23', 'y', 4),
(33, 27, '2019-03-29 00:00:00', 140, -6600, 2352, '', 'monthly bill', 0, '0000-00-00 00:00:00', 'unpaid', '2019-03-24 05:56:23', '2019-03-24 05:56:23', 'y', 4),
(34, 28, '2019-03-29 00:00:00', 0, -6515, 2352, '', 'monthly bill', 0, '0000-00-00 00:00:00', 'unpaid', '2019-03-24 05:56:23', '2019-03-24 05:56:23', 'y', 4),
(35, 47, '2019-03-29 00:00:00', 112, -170, 2464, '', 'monthly bill', 0, '0000-00-00 00:00:00', 'unpaid', '2019-03-24 05:56:23', '2019-03-24 05:56:23', 'y', 4),
(36, 48, '2019-03-29 00:00:00', 140, -2570, 2604, '', 'monthly bill', 0, '0000-00-00 00:00:00', 'unpaid', '2019-03-24 05:56:23', '2019-03-24 05:56:23', 'y', 4),
(37, 60, '2019-03-29 00:00:00', 252, -20900, 2856, '', 'monthly bill', 0, '0000-00-00 00:00:00', 'unpaid', '2019-03-24 05:56:23', '2019-03-24 05:56:23', 'y', 4),
(38, 30, '2019-03-29 00:00:00', 140, -2720, 2996, '', 'monthly bill', 0, '0000-00-00 00:00:00', 'unpaid', '2019-03-24 05:56:23', '2019-03-24 05:56:23', 'y', 4),
(39, 31, '2019-03-29 00:00:00', 140, -4760, 3136, '', 'monthly bill', 0, '0000-00-00 00:00:00', 'unpaid', '2019-03-24 05:56:23', '2019-03-24 05:56:23', 'y', 4),
(40, 32, '2019-03-29 00:00:00', 140, -170, 3276, '', 'monthly bill', 0, '0000-00-00 00:00:00', 'unpaid', '2019-03-24 05:56:23', '2019-03-24 05:56:23', 'y', 4),
(41, 34, '2019-03-29 00:00:00', 140, -4580, 3416, '', 'monthly bill', 0, '0000-00-00 00:00:00', 'unpaid', '2019-03-24 05:56:23', '2019-03-24 05:56:23', 'y', 4),
(42, 35, '2019-03-29 00:00:00', 140, -2900, 3556, '', 'monthly bill', 0, '0000-00-00 00:00:00', 'unpaid', '2019-03-24 05:56:23', '2019-03-24 05:56:23', 'y', 4),
(43, 40, '2019-03-29 00:00:00', 140, -2050, 3696, '', 'monthly bill', 0, '0000-00-00 00:00:00', 'unpaid', '2019-03-24 05:56:23', '2019-03-24 05:56:23', 'y', 4),
(44, 41, '2019-03-29 00:00:00', 140, -850, 3836, '', 'monthly bill', 0, '0000-00-00 00:00:00', 'unpaid', '2019-03-24 05:56:23', '2019-03-24 05:56:23', 'y', 4),
(45, 44, '2019-03-29 00:00:00', 140, -5100, 3976, '', 'monthly bill', 0, '0000-00-00 00:00:00', 'unpaid', '2019-03-24 05:56:23', '2019-03-24 05:56:23', 'y', 4),
(46, 45, '2019-03-29 00:00:00', 140, -850, 4116, '', 'monthly bill', 0, '0000-00-00 00:00:00', 'unpaid', '2019-03-24 05:56:23', '2019-03-24 05:56:23', 'y', 4),
(47, 50, '2019-03-29 00:00:00', 112, -340, 4228, '', 'monthly bill', 0, '0000-00-00 00:00:00', 'unpaid', '2019-03-24 05:56:24', '2019-03-24 05:56:24', 'y', 4),
(48, 52, '2019-03-29 00:00:00', 112, -1530, 4340, '', 'monthly bill', 0, '0000-00-00 00:00:00', 'unpaid', '2019-03-24 05:56:24', '2019-03-24 05:56:24', 'y', 4),
(49, 57, '2019-03-29 00:00:00', 140, -170, 4480, '', 'monthly bill', 0, '0000-00-00 00:00:00', 'unpaid', '2019-03-24 05:56:24', '2019-03-24 05:56:24', 'y', 4),
(50, 58, '2019-03-29 00:00:00', 140, -410, 4620, '', 'monthly bill', 0, '0000-00-00 00:00:00', 'unpaid', '2019-03-24 05:56:24', '2019-03-24 05:56:24', 'y', 4),
(51, 59, '2019-03-29 00:00:00', 140, -2230, 4760, '', 'monthly bill', 0, '0000-00-00 00:00:00', 'unpaid', '2019-03-24 05:56:24', '2019-03-24 05:56:24', 'y', 4),
(52, 61, '2019-03-29 00:00:00', 112, -1870, 4872, '', 'monthly bill', 0, '0000-00-00 00:00:00', 'unpaid', '2019-03-24 05:56:24', '2019-03-24 05:56:24', 'y', 4),
(53, 64, '2019-03-29 00:00:00', 112, -3400, 4984, '', 'monthly bill', 0, '0000-00-00 00:00:00', 'unpaid', '2019-03-24 05:56:24', '2019-03-24 05:56:24', 'y', 4),
(54, 66, '2019-03-29 00:00:00', 140, -1360, 5124, '', 'monthly bill', 0, '0000-00-00 00:00:00', 'unpaid', '2019-03-24 05:56:24', '2019-03-24 05:56:24', 'y', 4),
(55, 67, '2019-03-29 00:00:00', 140, -1360, 5264, '', 'monthly bill', 0, '0000-00-00 00:00:00', 'unpaid', '2019-03-24 05:56:24', '2019-03-24 05:56:24', 'y', 4),
(56, 68, '2019-03-29 00:00:00', 140, -1360, 5404, '', 'monthly bill', 0, '0000-00-00 00:00:00', 'unpaid', '2019-03-24 05:56:24', '2019-03-24 05:56:24', 'y', 4),
(57, 70, '2019-03-29 00:00:00', 112, -2065, 5516, '', 'monthly bill', 0, '0000-00-00 00:00:00', 'unpaid', '2019-03-24 05:56:24', '2019-03-24 05:56:24', 'y', 4),
(58, 65, '2019-03-29 00:00:00', 140, -8266, 5656, '', 'monthly bill', 0, '0000-00-00 00:00:00', 'unpaid', '2019-03-24 05:56:24', '2019-03-24 05:56:24', 'y', 4),
(59, 62, '2019-03-29 00:00:00', 112, -9356, 5768, '', 'monthly bill', 0, '0000-00-00 00:00:00', 'unpaid', '2019-03-24 05:56:24', '2019-03-24 05:56:24', 'y', 4),
(60, 63, '2019-03-29 00:00:00', 112, -10340, 5880, '', 'monthly bill', 0, '0000-00-00 00:00:00', 'unpaid', '2019-03-24 05:56:24', '2019-03-24 05:56:24', 'y', 4),
(61, 69, '2019-03-29 00:00:00', 140, -1360, 6020, '', 'monthly bill', 0, '0000-00-00 00:00:00', 'unpaid', '2019-03-24 05:56:24', '2019-03-24 05:56:24', 'y', 4),
(62, 24, '2019-01-31 00:00:00', 120, -282, 120, '', 'monthly bill', 0, '0000-00-00 00:00:00', 'unpaid', '2019-03-24 06:06:30', '2019-03-24 06:06:30', 'y', 4),
(63, 33, '2019-01-31 00:00:00', 120, -7032, 240, '', 'monthly bill', 0, '0000-00-00 00:00:00', 'unpaid', '2019-03-24 06:06:30', '2019-03-24 06:06:30', 'y', 4),
(64, 36, '2019-01-31 00:00:00', 150, -640, 390, '', 'monthly bill', 0, '0000-00-00 00:00:00', 'unpaid', '2019-03-24 06:06:30', '2019-03-24 06:06:30', 'y', 4),
(65, 38, '2019-01-31 00:00:00', 120, -282, 510, '', 'monthly bill', 0, '0000-00-00 00:00:00', 'unpaid', '2019-03-24 06:06:30', '2019-03-24 06:06:30', 'y', 4),
(66, 39, '2019-01-31 00:00:00', 150, -310, 660, '', 'monthly bill', 0, '0000-00-00 00:00:00', 'unpaid', '2019-03-24 06:06:30', '2019-03-24 06:06:30', 'y', 4),
(67, 42, '2019-01-31 00:00:00', 120, -1732, 780, '', 'monthly bill', 0, '0000-00-00 00:00:00', 'unpaid', '2019-03-24 06:06:30', '2019-03-24 06:06:30', 'y', 4),
(68, 43, '2019-01-31 00:00:00', 120, 248, 900, '', 'monthly bill', 0, '0000-00-00 00:00:00', 'unpaid', '2019-03-24 06:06:30', '2019-03-24 06:06:30', 'y', 4),
(69, 46, '2019-01-31 00:00:00', 420, -5942, 1320, '', 'monthly bill', 0, '0000-00-00 00:00:00', 'unpaid', '2019-03-24 06:06:30', '2019-03-24 06:06:30', 'y', 4),
(70, 49, '2019-01-31 00:00:00', 120, -2817, 1440, '', 'monthly bill', 0, '0000-00-00 00:00:00', 'unpaid', '2019-03-24 06:06:30', '2019-03-24 06:06:30', 'y', 4),
(71, 51, '2019-01-31 00:00:00', 150, -2225, 1590, '', 'monthly bill', 0, '0000-00-00 00:00:00', 'unpaid', '2019-03-24 06:06:30', '2019-03-24 06:06:30', 'y', 4),
(72, 53, '2019-01-31 00:00:00', 120, -962, 1710, '', 'monthly bill', 0, '0000-00-00 00:00:00', 'unpaid', '2019-03-24 06:06:30', '2019-03-24 06:06:30', 'y', 4),
(73, 54, '2019-01-31 00:00:00', 120, -282, 1830, '', 'monthly bill', 0, '0000-00-00 00:00:00', 'unpaid', '2019-03-24 06:06:30', '2019-03-24 06:06:30', 'y', 4),
(74, 56, '2019-01-31 00:00:00', 150, -2040, 1980, '', 'monthly bill', 0, '0000-00-00 00:00:00', 'unpaid', '2019-03-24 06:06:30', '2019-03-24 06:06:30', 'y', 4),
(75, 25, '2019-01-31 00:00:00', 120, -3200, 2100, '', 'monthly bill', 0, '0000-00-00 00:00:00', 'unpaid', '2019-03-24 06:06:30', '2019-03-24 06:06:30', 'y', 4),
(76, 37, '2019-01-31 00:00:00', 150, -1920, 2250, '', 'monthly bill', 0, '0000-00-00 00:00:00', 'unpaid', '2019-03-24 06:06:30', '2019-03-24 06:06:30', 'y', 4),
(77, 26, '2019-01-31 00:00:00', 120, -8582, 2370, '', 'monthly bill', 0, '0000-00-00 00:00:00', 'unpaid', '2019-03-24 06:06:30', '2019-03-24 06:06:30', 'y', 4),
(78, 27, '2019-01-31 00:00:00', 150, -6740, 2520, '', 'monthly bill', 0, '0000-00-00 00:00:00', 'unpaid', '2019-03-24 06:06:30', '2019-03-24 06:06:30', 'y', 4),
(79, 28, '2019-01-31 00:00:00', 0, -6515, 2520, '', 'monthly bill', 0, '0000-00-00 00:00:00', 'unpaid', '2019-03-24 06:06:30', '2019-03-24 06:06:30', 'y', 4),
(80, 47, '2019-01-31 00:00:00', 120, -282, 2640, '', 'monthly bill', 0, '0000-00-00 00:00:00', 'unpaid', '2019-03-24 06:06:30', '2019-03-24 06:06:30', 'y', 4),
(81, 48, '2019-01-31 00:00:00', 150, -2710, 2790, '', 'monthly bill', 0, '0000-00-00 00:00:00', 'unpaid', '2019-03-24 06:06:30', '2019-03-24 06:06:30', 'y', 4),
(82, 60, '2019-01-31 00:00:00', 270, -21152, 3060, '', 'monthly bill', 0, '0000-00-00 00:00:00', 'unpaid', '2019-03-24 06:06:30', '2019-03-24 06:06:30', 'y', 4),
(83, 30, '2019-01-31 00:00:00', 150, -2860, 3210, '', 'monthly bill', 0, '0000-00-00 00:00:00', 'unpaid', '2019-03-24 06:06:30', '2019-03-24 06:06:30', 'y', 4),
(84, 31, '2019-01-31 00:00:00', 150, -4900, 3360, '', 'monthly bill', 0, '0000-00-00 00:00:00', 'unpaid', '2019-03-24 06:06:30', '2019-03-24 06:06:30', 'y', 4),
(85, 32, '2019-01-31 00:00:00', 150, -310, 3510, '', 'monthly bill', 0, '0000-00-00 00:00:00', 'unpaid', '2019-03-24 06:06:31', '2019-03-24 06:06:31', 'y', 4),
(86, 34, '2019-01-31 00:00:00', 150, -4720, 3660, '', 'monthly bill', 0, '0000-00-00 00:00:00', 'unpaid', '2019-03-24 06:06:31', '2019-03-24 06:06:31', 'y', 4),
(87, 35, '2019-01-31 00:00:00', 150, -3040, 3810, '', 'monthly bill', 0, '0000-00-00 00:00:00', 'unpaid', '2019-03-24 06:06:31', '2019-03-24 06:06:31', 'y', 4),
(88, 40, '2019-01-31 00:00:00', 150, -2190, 3960, '', 'monthly bill', 0, '0000-00-00 00:00:00', 'unpaid', '2019-03-24 06:06:31', '2019-03-24 06:06:31', 'y', 4),
(89, 41, '2019-01-31 00:00:00', 150, -990, 4110, '', 'monthly bill', 0, '0000-00-00 00:00:00', 'unpaid', '2019-03-24 06:06:31', '2019-03-24 06:06:31', 'y', 4),
(90, 44, '2019-01-31 00:00:00', 150, -5240, 4260, '', 'monthly bill', 0, '0000-00-00 00:00:00', 'unpaid', '2019-03-24 06:06:31', '2019-03-24 06:06:31', 'y', 4),
(91, 45, '2019-01-31 00:00:00', 150, -990, 4410, '', 'monthly bill', 0, '0000-00-00 00:00:00', 'unpaid', '2019-03-24 06:06:31', '2019-03-24 06:06:31', 'y', 4),
(92, 50, '2019-01-31 00:00:00', 120, -452, 4530, '', 'monthly bill', 0, '0000-00-00 00:00:00', 'unpaid', '2019-03-24 06:06:31', '2019-03-24 06:06:31', 'y', 4),
(93, 52, '2019-01-31 00:00:00', 120, -1642, 4650, '', 'monthly bill', 0, '0000-00-00 00:00:00', 'unpaid', '2019-03-24 06:06:31', '2019-03-24 06:06:31', 'y', 4),
(94, 57, '2019-01-31 00:00:00', 150, -310, 4800, '', 'monthly bill', 0, '0000-00-00 00:00:00', 'unpaid', '2019-03-24 06:06:31', '2019-03-24 06:06:31', 'y', 4),
(95, 58, '2019-01-31 00:00:00', 150, -550, 4950, '', 'monthly bill', 0, '0000-00-00 00:00:00', 'unpaid', '2019-03-24 06:06:31', '2019-03-24 06:06:31', 'y', 4),
(96, 59, '2019-01-31 00:00:00', 150, -2370, 5100, '', 'monthly bill', 0, '0000-00-00 00:00:00', 'unpaid', '2019-03-24 06:06:31', '2019-03-24 06:06:31', 'y', 4),
(97, 61, '2019-01-31 00:00:00', 120, -1982, 5220, '', 'monthly bill', 0, '0000-00-00 00:00:00', 'unpaid', '2019-03-24 06:06:31', '2019-03-24 06:06:31', 'y', 4),
(98, 64, '2019-01-31 00:00:00', 120, -3512, 5340, '', 'monthly bill', 0, '0000-00-00 00:00:00', 'unpaid', '2019-03-24 06:06:31', '2019-03-24 06:06:31', 'y', 4),
(99, 66, '2019-01-31 00:00:00', 150, -1500, 5490, '', 'monthly bill', 0, '0000-00-00 00:00:00', 'unpaid', '2019-03-24 06:06:31', '2019-03-24 06:06:31', 'y', 4),
(100, 67, '2019-01-31 00:00:00', 150, -1500, 5640, '', 'monthly bill', 0, '0000-00-00 00:00:00', 'unpaid', '2019-03-24 06:06:31', '2019-03-24 06:06:31', 'y', 4),
(101, 68, '2019-01-31 00:00:00', 150, -1500, 5790, '', 'monthly bill', 0, '0000-00-00 00:00:00', 'unpaid', '2019-03-24 06:06:31', '2019-03-24 06:06:31', 'y', 4),
(102, 70, '2019-01-31 00:00:00', 120, -2177, 5910, '', 'monthly bill', 0, '0000-00-00 00:00:00', 'unpaid', '2019-03-24 06:06:31', '2019-03-24 06:06:31', 'y', 4),
(103, 65, '2019-01-31 00:00:00', 150, -8406, 6060, '', 'monthly bill', 0, '0000-00-00 00:00:00', 'unpaid', '2019-03-24 06:06:31', '2019-03-24 06:06:31', 'y', 4),
(104, 62, '2019-01-31 00:00:00', 120, -9468, 6180, '', 'monthly bill', 0, '0000-00-00 00:00:00', 'unpaid', '2019-03-24 06:06:31', '2019-03-24 06:06:31', 'y', 4),
(105, 63, '2019-01-31 00:00:00', 120, -10452, 6300, '', 'monthly bill', 0, '0000-00-00 00:00:00', 'unpaid', '2019-03-24 06:06:31', '2019-03-24 06:06:31', 'y', 4),
(106, 69, '2019-01-31 00:00:00', 150, -1500, 6450, '', 'monthly bill', 0, '0000-00-00 00:00:00', 'unpaid', '2019-03-24 06:06:31', '2019-03-24 06:06:31', 'y', 4),
(107, 24, '2019-03-24 00:00:00', 92, -402, 92, '', 'monthly bill', 0, '0000-00-00 00:00:00', 'unpaid', '2019-03-24 09:28:45', '2019-03-24 09:28:45', 'y', 4),
(108, 33, '2019-03-24 00:00:00', 92, -7152, 184, '', 'monthly bill', 0, '0000-00-00 00:00:00', 'unpaid', '2019-03-24 09:28:45', '2019-03-24 09:28:45', 'y', 4),
(109, 36, '2019-03-24 00:00:00', 115, -790, 299, '', 'monthly bill', 0, '0000-00-00 00:00:00', 'unpaid', '2019-03-24 09:28:45', '2019-03-24 09:28:45', 'y', 4),
(110, 38, '2019-03-24 00:00:00', 92, -402, 391, '', 'monthly bill', 0, '0000-00-00 00:00:00', 'unpaid', '2019-03-24 09:28:45', '2019-03-24 09:28:45', 'y', 4),
(111, 39, '2019-03-24 00:00:00', 115, -460, 506, '', 'monthly bill', 0, '0000-00-00 00:00:00', 'unpaid', '2019-03-24 09:28:45', '2019-03-24 09:28:45', 'y', 4),
(112, 42, '2019-03-24 00:00:00', 92, -1852, 598, '', 'monthly bill', 0, '0000-00-00 00:00:00', 'unpaid', '2019-03-24 09:28:45', '2019-03-24 09:28:45', 'y', 4),
(113, 43, '2019-03-24 00:00:00', 92, 128, 690, '', 'monthly bill', 0, '0000-00-00 00:00:00', 'unpaid', '2019-03-24 09:28:45', '2019-03-24 09:28:45', 'y', 4),
(114, 46, '2019-03-24 00:00:00', 322, -6362, 1012, '', 'monthly bill', 0, '0000-00-00 00:00:00', 'unpaid', '2019-03-24 09:28:45', '2019-03-24 09:28:45', 'y', 4),
(115, 49, '2019-03-24 00:00:00', 92, -2937, 1104, '', 'monthly bill', 0, '0000-00-00 00:00:00', 'unpaid', '2019-03-24 09:28:45', '2019-03-24 09:28:45', 'y', 4),
(116, 51, '2019-03-24 00:00:00', 115, -2375, 1219, '', 'monthly bill', 0, '0000-00-00 00:00:00', 'unpaid', '2019-03-24 09:28:45', '2019-03-24 09:28:45', 'y', 4),
(117, 53, '2019-03-24 00:00:00', 92, -1082, 1311, '', 'monthly bill', 0, '0000-00-00 00:00:00', 'unpaid', '2019-03-24 09:28:45', '2019-03-24 09:28:45', 'y', 4),
(118, 54, '2019-03-24 00:00:00', 92, -402, 1403, '', 'monthly bill', 0, '0000-00-00 00:00:00', 'unpaid', '2019-03-24 09:28:45', '2019-03-24 09:28:45', 'y', 4),
(119, 56, '2019-03-24 00:00:00', 115, -2190, 1518, '', 'monthly bill', 0, '0000-00-00 00:00:00', 'unpaid', '2019-03-24 09:28:45', '2019-03-24 09:28:45', 'y', 4),
(120, 25, '2019-03-24 00:00:00', 92, -3320, 1610, '', 'monthly bill', 0, '0000-00-00 00:00:00', 'unpaid', '2019-03-24 09:28:45', '2019-03-24 09:28:45', 'y', 4),
(121, 37, '2019-03-24 00:00:00', 115, -2070, 1725, '', 'monthly bill', 0, '0000-00-00 00:00:00', 'unpaid', '2019-03-24 09:28:45', '2019-03-24 09:28:45', 'y', 4),
(122, 26, '2019-03-24 00:00:00', 92, -8702, 1817, '', 'monthly bill', 0, '0000-00-00 00:00:00', 'unpaid', '2019-03-24 09:28:45', '2019-03-24 09:28:45', 'y', 4),
(123, 27, '2019-03-24 00:00:00', 115, -6890, 1932, '', 'monthly bill', 0, '0000-00-00 00:00:00', 'unpaid', '2019-03-24 09:28:45', '2019-03-24 09:28:45', 'y', 4),
(124, 28, '2019-03-24 00:00:00', 0, -6515, 1932, '', 'monthly bill', 0, '0000-00-00 00:00:00', 'unpaid', '2019-03-24 09:28:45', '2019-03-24 09:28:45', 'y', 4),
(125, 47, '2019-03-24 00:00:00', 92, -402, 2024, '', 'monthly bill', 0, '0000-00-00 00:00:00', 'unpaid', '2019-03-24 09:28:45', '2019-03-24 09:28:45', 'y', 4),
(126, 48, '2019-03-24 00:00:00', 115, -2860, 2139, '', 'monthly bill', 0, '0000-00-00 00:00:00', 'unpaid', '2019-03-24 09:28:45', '2019-03-24 09:28:45', 'y', 4),
(127, 60, '2019-03-24 00:00:00', 207, -21422, 2346, '', 'monthly bill', 0, '0000-00-00 00:00:00', 'unpaid', '2019-03-24 09:28:45', '2019-03-24 09:28:45', 'y', 4),
(128, 30, '2019-03-24 00:00:00', 115, -3010, 2461, '', 'monthly bill', 0, '0000-00-00 00:00:00', 'unpaid', '2019-03-24 09:28:45', '2019-03-24 09:28:45', 'y', 4),
(129, 31, '2019-03-24 00:00:00', 115, -5050, 2576, '', 'monthly bill', 0, '0000-00-00 00:00:00', 'unpaid', '2019-03-24 09:28:46', '2019-03-24 09:28:46', 'y', 4),
(130, 32, '2019-03-24 00:00:00', 115, -460, 2691, '', 'monthly bill', 0, '0000-00-00 00:00:00', 'unpaid', '2019-03-24 09:28:46', '2019-03-24 09:28:46', 'y', 4),
(131, 34, '2019-03-24 00:00:00', 115, -4870, 2806, '', 'monthly bill', 0, '0000-00-00 00:00:00', 'unpaid', '2019-03-24 09:28:46', '2019-03-24 09:28:46', 'y', 4),
(132, 35, '2019-03-24 00:00:00', 115, -3190, 2921, '', 'monthly bill', 0, '0000-00-00 00:00:00', 'unpaid', '2019-03-24 09:28:46', '2019-03-24 09:28:46', 'y', 4),
(133, 40, '2019-03-24 00:00:00', 115, -2340, 3036, '', 'monthly bill', 0, '0000-00-00 00:00:00', 'unpaid', '2019-03-24 09:28:46', '2019-03-24 09:28:46', 'y', 4),
(134, 41, '2019-03-24 00:00:00', 115, -1140, 3151, '', 'monthly bill', 0, '0000-00-00 00:00:00', 'unpaid', '2019-03-24 09:28:46', '2019-03-24 09:28:46', 'y', 4),
(135, 44, '2019-03-24 00:00:00', 115, -5390, 3266, '', 'monthly bill', 0, '0000-00-00 00:00:00', 'unpaid', '2019-03-24 09:28:46', '2019-03-24 09:28:46', 'y', 4),
(136, 45, '2019-03-24 00:00:00', 115, -1140, 3381, '', 'monthly bill', 0, '0000-00-00 00:00:00', 'unpaid', '2019-03-24 09:28:46', '2019-03-24 09:28:46', 'y', 4),
(137, 50, '2019-03-24 00:00:00', 92, -572, 3473, '', 'monthly bill', 0, '0000-00-00 00:00:00', 'unpaid', '2019-03-24 09:28:46', '2019-03-24 09:28:46', 'y', 4),
(138, 52, '2019-03-24 00:00:00', 92, -1762, 3565, '', 'monthly bill', 0, '0000-00-00 00:00:00', 'unpaid', '2019-03-24 09:28:46', '2019-03-24 09:28:46', 'y', 4),
(139, 57, '2019-03-24 00:00:00', 115, -460, 3680, '', 'monthly bill', 0, '0000-00-00 00:00:00', 'unpaid', '2019-03-24 09:28:46', '2019-03-24 09:28:46', 'y', 4),
(140, 58, '2019-03-24 00:00:00', 115, -700, 3795, '', 'monthly bill', 0, '0000-00-00 00:00:00', 'unpaid', '2019-03-24 09:28:46', '2019-03-24 09:28:46', 'y', 4),
(141, 59, '2019-03-24 00:00:00', 115, -2520, 3910, '', 'monthly bill', 0, '0000-00-00 00:00:00', 'unpaid', '2019-03-24 09:28:46', '2019-03-24 09:28:46', 'y', 4),
(142, 61, '2019-03-24 00:00:00', 92, -2102, 4002, '', 'monthly bill', 0, '0000-00-00 00:00:00', 'unpaid', '2019-03-24 09:28:46', '2019-03-24 09:28:46', 'y', 4),
(143, 64, '2019-03-24 00:00:00', 92, -3632, 4094, '', 'monthly bill', 0, '0000-00-00 00:00:00', 'unpaid', '2019-03-24 09:28:46', '2019-03-24 09:28:46', 'y', 4),
(144, 66, '2019-03-24 00:00:00', 115, -1650, 4209, '', 'monthly bill', 0, '0000-00-00 00:00:00', 'unpaid', '2019-03-24 09:28:46', '2019-03-24 09:28:46', 'y', 4),
(145, 67, '2019-03-24 00:00:00', 115, -1650, 4324, '', 'monthly bill', 0, '0000-00-00 00:00:00', 'unpaid', '2019-03-24 09:28:46', '2019-03-24 09:28:46', 'y', 4),
(146, 68, '2019-03-24 00:00:00', 115, -1650, 4439, '', 'monthly bill', 0, '0000-00-00 00:00:00', 'unpaid', '2019-03-24 09:28:46', '2019-03-24 09:28:46', 'y', 4),
(147, 70, '2019-03-24 00:00:00', 92, -2297, 4531, '', 'monthly bill', 0, '0000-00-00 00:00:00', 'unpaid', '2019-03-24 09:28:46', '2019-03-24 09:28:46', 'y', 4),
(148, 71, '2019-03-24 00:00:00', 322, -500, 4853, '', 'monthly bill', 0, '0000-00-00 00:00:00', 'unpaid', '2019-03-24 09:28:46', '2019-03-24 09:28:46', 'y', 4),
(149, 65, '2019-03-24 00:00:00', 115, -8556, 4968, '', 'monthly bill', 0, '0000-00-00 00:00:00', 'unpaid', '2019-03-24 09:28:46', '2019-03-24 09:28:46', 'y', 4),
(150, 62, '2019-03-24 00:00:00', 92, -9588, 5060, '', 'monthly bill', 0, '0000-00-00 00:00:00', 'unpaid', '2019-03-24 09:28:46', '2019-03-24 09:28:46', 'y', 4),
(151, 63, '2019-03-24 00:00:00', 92, -10572, 5152, '', 'monthly bill', 0, '0000-00-00 00:00:00', 'unpaid', '2019-03-24 09:28:46', '2019-03-24 09:28:46', 'y', 4),
(152, 69, '2019-03-24 00:00:00', 115, -1650, 5267, '', 'monthly bill', 0, '0000-00-00 00:00:00', 'unpaid', '2019-03-24 09:28:46', '2019-03-24 09:28:46', 'y', 4),
(153, 24, '2020-03-01 00:00:00', 0, -494, 0, '', 'monthly bill', 0, '0000-00-00 00:00:00', 'unpaid', '2020-03-01 16:40:37', '2020-03-01 16:40:37', 'y', 4),
(154, 33, '2020-03-01 00:00:00', 0, -7244, 0, '', 'monthly bill', 0, '0000-00-00 00:00:00', 'unpaid', '2020-03-01 16:40:37', '2020-03-01 16:40:37', 'y', 4),
(155, 36, '2020-03-01 00:00:00', 0, -905, 0, '', 'monthly bill', 0, '0000-00-00 00:00:00', 'unpaid', '2020-03-01 16:40:37', '2020-03-01 16:40:37', 'y', 4),
(156, 38, '2020-03-01 00:00:00', 0, -494, 0, '', 'monthly bill', 0, '0000-00-00 00:00:00', 'unpaid', '2020-03-01 16:40:37', '2020-03-01 16:40:37', 'y', 4),
(157, 39, '2020-03-01 00:00:00', 0, -575, 0, '', 'monthly bill', 0, '0000-00-00 00:00:00', 'unpaid', '2020-03-01 16:40:37', '2020-03-01 16:40:37', 'y', 4),
(158, 42, '2020-03-01 00:00:00', 0, -1944, 0, '', 'monthly bill', 0, '0000-00-00 00:00:00', 'unpaid', '2020-03-01 16:40:37', '2020-03-01 16:40:37', 'y', 4),
(159, 43, '2020-03-01 00:00:00', 0, 36, 0, '', 'monthly bill', 0, '0000-00-00 00:00:00', 'unpaid', '2020-03-01 16:40:38', '2020-03-01 16:40:38', 'y', 4),
(160, 46, '2020-03-01 00:00:00', 0, -6684, 0, '', 'monthly bill', 0, '0000-00-00 00:00:00', 'unpaid', '2020-03-01 16:40:38', '2020-03-01 16:40:38', 'y', 4),
(161, 49, '2020-03-01 00:00:00', 0, -3029, 0, '', 'monthly bill', 0, '0000-00-00 00:00:00', 'unpaid', '2020-03-01 16:40:38', '2020-03-01 16:40:38', 'y', 4),
(162, 51, '2020-03-01 00:00:00', 0, -2490, 0, '', 'monthly bill', 0, '0000-00-00 00:00:00', 'unpaid', '2020-03-01 16:40:38', '2020-03-01 16:40:38', 'y', 4),
(163, 53, '2020-03-01 00:00:00', 0, -1174, 0, '', 'monthly bill', 0, '0000-00-00 00:00:00', 'unpaid', '2020-03-01 16:40:38', '2020-03-01 16:40:38', 'y', 4),
(164, 54, '2020-03-01 00:00:00', 0, -494, 0, '', 'monthly bill', 0, '0000-00-00 00:00:00', 'unpaid', '2020-03-01 16:40:38', '2020-03-01 16:40:38', 'y', 4),
(165, 56, '2020-03-01 00:00:00', 0, -2305, 0, '', 'monthly bill', 0, '0000-00-00 00:00:00', 'unpaid', '2020-03-01 16:40:38', '2020-03-01 16:40:38', 'y', 4),
(166, 25, '2020-03-01 00:00:00', 0, -3412, 0, '', 'monthly bill', 0, '0000-00-00 00:00:00', 'unpaid', '2020-03-01 16:40:39', '2020-03-01 16:40:39', 'y', 4),
(167, 37, '2020-03-01 00:00:00', 0, -2185, 0, '', 'monthly bill', 0, '0000-00-00 00:00:00', 'unpaid', '2020-03-01 16:40:39', '2020-03-01 16:40:39', 'y', 4),
(168, 26, '2020-03-01 00:00:00', 0, -8794, 0, '', 'monthly bill', 0, '0000-00-00 00:00:00', 'unpaid', '2020-03-01 16:40:39', '2020-03-01 16:40:39', 'y', 4),
(169, 27, '2020-03-01 00:00:00', 0, -7005, 0, '', 'monthly bill', 0, '0000-00-00 00:00:00', 'unpaid', '2020-03-01 16:40:39', '2020-03-01 16:40:39', 'y', 4),
(170, 28, '2020-03-01 00:00:00', 0, -6515, 0, '', 'monthly bill', 0, '0000-00-00 00:00:00', 'unpaid', '2020-03-01 16:40:39', '2020-03-01 16:40:39', 'y', 4),
(171, 47, '2020-03-01 00:00:00', 0, -494, 0, '', 'monthly bill', 0, '0000-00-00 00:00:00', 'unpaid', '2020-03-01 16:40:39', '2020-03-01 16:40:39', 'y', 4),
(172, 48, '2020-03-01 00:00:00', 0, -2975, 0, '', 'monthly bill', 0, '0000-00-00 00:00:00', 'unpaid', '2020-03-01 16:40:40', '2020-03-01 16:40:40', 'y', 4),
(173, 60, '2020-03-01 00:00:00', 0, -21629, 0, '', 'monthly bill', 0, '0000-00-00 00:00:00', 'unpaid', '2020-03-01 16:40:40', '2020-03-01 16:40:40', 'y', 4),
(174, 30, '2020-03-01 00:00:00', 0, -3125, 0, '', 'monthly bill', 0, '0000-00-00 00:00:00', 'unpaid', '2020-03-01 16:40:40', '2020-03-01 16:40:40', 'y', 4),
(175, 31, '2020-03-01 00:00:00', 0, -5165, 0, '', 'monthly bill', 0, '0000-00-00 00:00:00', 'unpaid', '2020-03-01 16:40:40', '2020-03-01 16:40:40', 'y', 4),
(176, 32, '2020-03-01 00:00:00', 0, -575, 0, '', 'monthly bill', 0, '0000-00-00 00:00:00', 'unpaid', '2020-03-01 16:40:40', '2020-03-01 16:40:40', 'y', 4),
(177, 34, '2020-03-01 00:00:00', 0, -4985, 0, '', 'monthly bill', 0, '0000-00-00 00:00:00', 'unpaid', '2020-03-01 16:40:41', '2020-03-01 16:40:41', 'y', 4),
(178, 35, '2020-03-01 00:00:00', 0, -3305, 0, '', 'monthly bill', 0, '0000-00-00 00:00:00', 'unpaid', '2020-03-01 16:40:41', '2020-03-01 16:40:41', 'y', 4),
(179, 40, '2020-03-01 00:00:00', 0, -2455, 0, '', 'monthly bill', 0, '0000-00-00 00:00:00', 'unpaid', '2020-03-01 16:40:41', '2020-03-01 16:40:41', 'y', 4),
(180, 41, '2020-03-01 00:00:00', 0, -1255, 0, '', 'monthly bill', 0, '0000-00-00 00:00:00', 'unpaid', '2020-03-01 16:40:41', '2020-03-01 16:40:41', 'y', 4),
(181, 44, '2020-03-01 00:00:00', 0, -5505, 0, '', 'monthly bill', 0, '0000-00-00 00:00:00', 'unpaid', '2020-03-01 16:40:41', '2020-03-01 16:40:41', 'y', 4),
(182, 45, '2020-03-01 00:00:00', 0, -1255, 0, '', 'monthly bill', 0, '0000-00-00 00:00:00', 'unpaid', '2020-03-01 16:40:41', '2020-03-01 16:40:41', 'y', 4),
(183, 50, '2020-03-01 00:00:00', 0, -664, 0, '', 'monthly bill', 0, '0000-00-00 00:00:00', 'unpaid', '2020-03-01 16:40:42', '2020-03-01 16:40:42', 'y', 4),
(184, 52, '2020-03-01 00:00:00', 0, -1854, 0, '', 'monthly bill', 0, '0000-00-00 00:00:00', 'unpaid', '2020-03-01 16:40:42', '2020-03-01 16:40:42', 'y', 4),
(185, 57, '2020-03-01 00:00:00', 0, -575, 0, '', 'monthly bill', 0, '0000-00-00 00:00:00', 'unpaid', '2020-03-01 16:40:42', '2020-03-01 16:40:42', 'y', 4),
(186, 58, '2020-03-01 00:00:00', 0, -815, 0, '', 'monthly bill', 0, '0000-00-00 00:00:00', 'unpaid', '2020-03-01 16:40:42', '2020-03-01 16:40:42', 'y', 4),
(187, 59, '2020-03-01 00:00:00', 0, -2635, 0, '', 'monthly bill', 0, '0000-00-00 00:00:00', 'unpaid', '2020-03-01 16:40:42', '2020-03-01 16:40:42', 'y', 4),
(188, 61, '2020-03-01 00:00:00', 0, -2194, 0, '', 'monthly bill', 0, '0000-00-00 00:00:00', 'unpaid', '2020-03-01 16:40:43', '2020-03-01 16:40:43', 'y', 4),
(189, 64, '2020-03-01 00:00:00', 0, -3724, 0, '', 'monthly bill', 0, '0000-00-00 00:00:00', 'unpaid', '2020-03-01 16:40:43', '2020-03-01 16:40:43', 'y', 4),
(190, 66, '2020-03-01 00:00:00', 0, -1765, 0, '', 'monthly bill', 0, '0000-00-00 00:00:00', 'unpaid', '2020-03-01 16:40:43', '2020-03-01 16:40:43', 'y', 4),
(191, 67, '2020-03-01 00:00:00', 0, -1765, 0, '', 'monthly bill', 0, '0000-00-00 00:00:00', 'unpaid', '2020-03-01 16:40:43', '2020-03-01 16:40:43', 'y', 4),
(192, 68, '2020-03-01 00:00:00', 0, -1765, 0, '', 'monthly bill', 0, '0000-00-00 00:00:00', 'unpaid', '2020-03-01 16:40:43', '2020-03-01 16:40:43', 'y', 4),
(193, 70, '2020-03-01 00:00:00', 0, -2389, 0, '', 'monthly bill', 0, '0000-00-00 00:00:00', 'unpaid', '2020-03-01 16:40:43', '2020-03-01 16:40:43', 'y', 4),
(194, 71, '2020-03-01 00:00:00', 0, -822, 0, '', 'monthly bill', 0, '0000-00-00 00:00:00', 'unpaid', '2020-03-01 16:40:44', '2020-03-01 16:40:44', 'y', 4),
(195, 65, '2020-03-01 00:00:00', 0, -8671, 0, '', 'monthly bill', 0, '0000-00-00 00:00:00', 'unpaid', '2020-03-01 16:40:44', '2020-03-01 16:40:44', 'y', 4),
(196, 62, '2020-03-01 00:00:00', 0, -9680, 0, '', 'monthly bill', 0, '0000-00-00 00:00:00', 'unpaid', '2020-03-01 16:40:44', '2020-03-01 16:40:44', 'y', 4),
(197, 63, '2020-03-01 00:00:00', 0, -10664, 0, '', 'monthly bill', 0, '0000-00-00 00:00:00', 'unpaid', '2020-03-01 16:40:44', '2020-03-01 16:40:44', 'y', 4),
(198, 69, '2020-03-01 00:00:00', 0, -1765, 0, '', 'monthly bill', 0, '0000-00-00 00:00:00', 'unpaid', '2020-03-01 16:40:44', '2020-03-01 16:40:44', 'y', 4);

-- --------------------------------------------------------

--
-- Table structure for table `user_product`
--

CREATE TABLE `user_product` (
  `id` int(11) NOT NULL,
  `user_id` int(11) NOT NULL,
  `product_id` int(11) NOT NULL,
  `copies` int(11) NOT NULL,
  `created` datetime NOT NULL DEFAULT CURRENT_TIMESTAMP,
  `modified` datetime NOT NULL DEFAULT CURRENT_TIMESTAMP,
  `status` enum('y','n') NOT NULL DEFAULT 'y',
  `parent_user_id` int(11) NOT NULL
) ENGINE=InnoDB DEFAULT CHARSET=utf8;

--
-- Dumping data for table `user_product`
--

INSERT INTO `user_product` (`id`, `user_id`, `product_id`, `copies`, `created`, `modified`, `status`, `parent_user_id`) VALUES
(1, 2, 1, 1, '2019-03-19 13:39:09', '2019-03-19 13:39:09', 'y', 1),
(2, 5, 1, 2, '2019-03-22 05:59:49', '2019-03-22 05:59:49', 'y', 1),
(3, 5, 3, 1, '2019-03-22 05:59:49', '2019-03-22 05:59:49', 'y', 1),
(4, 6, 1, 1, '2019-03-22 06:01:21', '2019-03-22 06:01:21', 'y', 1),
(5, 6, 2, 1, '2019-03-22 06:01:21', '2019-03-22 06:01:21', 'y', 1),
(6, 6, 3, 2, '2019-03-22 06:01:21', '2019-03-22 06:01:21', 'y', 1),
(7, 7, 1, 1, '2019-03-22 06:13:31', '2019-03-22 06:13:31', 'y', 1),
(8, 7, 3, 2, '2019-03-22 06:13:31', '2019-03-22 06:13:31', 'y', 1),
(9, 7, 6, 1, '2019-03-22 06:13:31', '2019-03-22 06:13:31', 'y', 1),
(10, 7, 9, 1, '2019-03-22 06:13:31', '2019-03-22 06:13:31', 'y', 1),
(11, 7, 10, 1, '2019-03-22 06:13:31', '2019-03-22 06:13:31', 'y', 1),
(12, 7, 11, 1, '2019-03-22 06:13:31', '2019-03-22 06:13:31', 'y', 1),
(13, 11, 1, 2, '2019-03-22 06:20:10', '2019-03-22 06:20:10', 'y', 1),
(14, 11, 3, 1, '2019-03-22 06:20:10', '2019-03-22 06:20:10', 'y', 1),
(15, 11, 6, 1, '2019-03-22 06:20:10', '2019-03-22 06:20:10', 'y', 1),
(16, 12, 1, 1, '2019-03-22 06:20:54', '2019-03-22 06:20:54', 'y', 1),
(17, 12, 2, 2, '2019-03-22 06:20:54', '2019-03-22 06:20:54', 'y', 1),
(18, 12, 3, 1, '2019-03-22 06:20:54', '2019-03-22 06:20:54', 'y', 1),
(19, 13, 1, 1, '2019-03-22 06:23:01', '2019-03-22 06:23:01', 'y', 1),
(20, 13, 2, 2, '2019-03-22 06:23:01', '2019-03-22 06:23:01', 'y', 1),
(21, 13, 6, 1, '2019-03-22 06:23:01', '2019-03-22 06:23:01', 'y', 1),
(22, 13, 9, 1, '2019-03-22 06:23:01', '2019-03-22 06:23:01', 'y', 1),
(23, 14, 1, 2, '2019-03-22 06:24:39', '2019-03-22 06:24:39', 'y', 1),
(24, 14, 3, 1, '2019-03-22 06:24:39', '2019-03-22 06:24:39', 'y', 1),
(25, 14, 5, 1, '2019-03-22 06:24:39', '2019-03-22 06:24:39', 'y', 1),
(26, 15, 1, 2, '2019-03-22 06:36:02', '2019-03-22 06:36:02', 'y', 1),
(27, 15, 2, 1, '2019-03-22 06:36:02', '2019-03-22 06:36:02', 'y', 1),
(28, 15, 3, 1, '2019-03-22 06:36:02', '2019-03-22 06:36:02', 'y', 1),
(29, 16, 1, 2, '2019-03-22 06:39:15', '2019-03-22 06:39:15', 'y', 1),
(30, 16, 2, 1, '2019-03-22 06:39:15', '2019-03-22 06:39:15', 'y', 1),
(31, 16, 3, 1, '2019-03-22 06:39:15', '2019-03-22 06:39:15', 'y', 1),
(32, 17, 1, 2, '2019-03-22 06:44:58', '2019-03-22 06:44:58', 'y', 1),
(33, 17, 3, 1, '2019-03-22 06:44:58', '2019-03-22 06:44:58', 'y', 1),
(34, 18, 1, 2, '2019-03-22 06:57:57', '2019-03-22 06:57:57', 'y', 1),
(35, 18, 3, 1, '2019-03-22 06:57:57', '2019-03-22 06:57:57', 'y', 1),
(36, 19, 1, 2, '2019-03-22 06:59:22', '2019-03-22 06:59:22', 'y', 1),
(37, 19, 3, 1, '2019-03-22 06:59:22', '2019-03-22 06:59:22', 'y', 1),
(38, 19, 6, 1, '2019-03-22 06:59:22', '2019-03-22 06:59:22', 'y', 1),
(39, 20, 1, 2, '2019-03-22 07:00:12', '2019-03-22 07:00:12', 'y', 1),
(40, 20, 3, 1, '2019-03-22 07:00:12', '2019-03-22 07:00:12', 'y', 1),
(41, 21, 1, 1, '2019-03-22 07:01:16', '2019-03-22 07:01:16', 'y', 1),
(42, 21, 3, 2, '2019-03-22 07:01:16', '2019-03-22 07:01:16', 'y', 1),
(43, 24, 13, 1, '2019-03-23 16:19:29', '2019-03-23 16:19:29', 'y', 4),
(44, 25, 13, 1, '2019-03-23 16:20:43', '2019-03-23 16:20:43', 'y', 4),
(45, 26, 13, 1, '2019-03-23 16:22:03', '2019-03-23 16:22:03', 'y', 4),
(46, 27, 12, 1, '2019-03-23 16:24:22', '2019-03-23 16:24:22', 'y', 4),
(47, 30, 12, 1, '2019-03-23 16:31:07', '2019-03-23 16:31:07', 'y', 4),
(48, 31, 12, 1, '2019-03-23 16:36:50', '2019-03-23 16:36:50', 'y', 4),
(49, 32, 12, 1, '2019-03-23 16:37:51', '2019-03-23 16:37:51', 'y', 4),
(50, 33, 13, 1, '2019-03-23 16:38:56', '2019-03-23 16:38:56', 'y', 4),
(51, 34, 12, 1, '2019-03-23 16:40:16', '2019-03-23 16:40:16', 'y', 4),
(52, 35, 12, 1, '2019-03-23 16:41:59', '2019-03-23 16:41:59', 'y', 4),
(53, 36, 12, 1, '2019-03-23 16:42:53', '2019-03-23 16:42:53', 'y', 4),
(54, 37, 12, 1, '2019-03-23 16:44:21', '2019-03-23 16:44:21', 'y', 4),
(55, 38, 13, 1, '2019-03-23 16:45:49', '2019-03-23 16:45:49', 'y', 4),
(56, 39, 12, 1, '2019-03-23 16:46:31', '2019-03-23 16:46:31', 'y', 4),
(57, 40, 12, 1, '2019-03-23 16:48:13', '2019-03-23 16:48:13', 'y', 4),
(58, 41, 12, 1, '2019-03-23 16:51:21', '2019-03-23 16:51:21', 'y', 4),
(59, 42, 13, 1, '2019-03-23 16:52:41', '2019-03-23 16:52:41', 'y', 4),
(60, 43, 13, 1, '2019-03-23 16:53:35', '2019-03-23 16:53:35', 'y', 4),
(61, 44, 12, 1, '2019-03-23 16:54:30', '2019-03-23 16:54:30', 'y', 4),
(62, 45, 12, 1, '2019-03-23 16:55:06', '2019-03-23 16:55:06', 'y', 4),
(63, 46, 12, 2, '2019-03-23 16:56:08', '2019-03-23 16:56:08', 'y', 4),
(64, 46, 13, 1, '2019-03-23 16:56:08', '2019-03-23 16:56:08', 'y', 4),
(65, 47, 13, 1, '2019-03-23 16:57:10', '2019-03-23 16:57:10', 'y', 4),
(66, 48, 12, 1, '2019-03-23 16:57:59', '2019-03-23 16:57:59', 'y', 4),
(67, 49, 13, 1, '2019-03-23 16:59:03', '2019-03-23 16:59:03', 'y', 4),
(68, 50, 13, 1, '2019-03-23 17:00:09', '2019-03-23 17:00:09', 'y', 4),
(69, 51, 12, 1, '2019-03-23 17:01:21', '2019-03-23 17:01:21', 'y', 4),
(70, 52, 13, 1, '2019-03-23 17:02:35', '2019-03-23 17:02:35', 'y', 4),
(71, 53, 13, 1, '2019-03-23 17:10:16', '2019-03-23 17:10:16', 'y', 4),
(72, 54, 13, 1, '2019-03-23 17:11:47', '2019-03-23 17:11:47', 'y', 4),
(73, 56, 12, 1, '2019-03-23 17:31:57', '2019-03-23 17:31:57', 'y', 4),
(74, 57, 12, 1, '2019-03-23 17:33:58', '2019-03-23 17:33:58', 'y', 4),
(75, 58, 12, 1, '2019-03-23 17:35:22', '2019-03-23 17:35:22', 'y', 4),
(76, 59, 12, 1, '2019-03-23 17:36:13', '2019-03-23 17:36:13', 'y', 4),
(77, 60, 12, 1, '2019-03-23 17:38:48', '2019-03-23 17:38:48', 'y', 4),
(78, 60, 13, 1, '2019-03-23 17:38:48', '2019-03-23 17:38:48', 'y', 4),
(79, 61, 13, 1, '2019-03-24 04:59:05', '2019-03-24 04:59:05', 'y', 4),
(80, 62, 13, 1, '2019-03-24 05:03:14', '2019-03-24 05:03:14', 'y', 4),
(81, 63, 13, 1, '2019-03-24 05:04:01', '2019-03-24 05:04:01', 'y', 4),
(82, 64, 13, 1, '2019-03-24 05:04:43', '2019-03-24 05:04:43', 'y', 4),
(83, 65, 12, 1, '2019-03-24 05:07:32', '2019-03-24 05:07:32', 'y', 4),
(84, 66, 12, 1, '2019-03-24 05:08:31', '2019-03-24 05:08:31', 'y', 4),
(85, 67, 12, 1, '2019-03-24 05:09:27', '2019-03-24 05:09:27', 'y', 4),
(86, 68, 12, 1, '2019-03-24 05:28:05', '2019-03-24 05:28:05', 'y', 4),
(87, 69, 12, 1, '2019-03-24 05:30:11', '2019-03-24 05:30:11', 'y', 4),
(88, 70, 13, 1, '2019-03-24 05:31:07', '2019-03-24 05:31:07', 'y', 4),
(89, 71, 12, 2, '2019-03-24 09:26:39', '2019-03-24 09:26:39', 'y', 4),
(90, 71, 13, 1, '2019-03-24 09:26:39', '2019-03-24 09:26:39', 'y', 4);

-- --------------------------------------------------------

--
-- Table structure for table `user_role`
--

CREATE TABLE `user_role` (
  `id` int(11) NOT NULL,
  `role_name` varchar(255) NOT NULL,
  `created` datetime NOT NULL DEFAULT CURRENT_TIMESTAMP,
  `modified` datetime NOT NULL DEFAULT CURRENT_TIMESTAMP,
  `status` enum('y','n') NOT NULL DEFAULT 'y'
) ENGINE=InnoDB DEFAULT CHARSET=utf8;

--
-- Dumping data for table `user_role`
--

INSERT INTO `user_role` (`id`, `role_name`, `created`, `modified`, `status`) VALUES
(1, 'user\r\n\r\n', '2018-04-07 22:36:50', '2018-04-07 22:36:50', 'y'),
(2, 'admin', '2018-04-07 22:36:50', '2018-04-07 22:36:50', 'y'),
(3, 'hoker', '2018-04-07 22:37:05', '2018-04-07 22:37:05', 'y');

-- --------------------------------------------------------

--
-- Table structure for table `user_transation`
--

CREATE TABLE `user_transation` (
  `id` int(11) NOT NULL,
  `user_id` int(11) NOT NULL,
  `before_balance` float NOT NULL,
  `after_balance` float NOT NULL,
  `cr` float NOT NULL,
  `dr` float NOT NULL,
  `comment` varchar(255) NOT NULL,
  `transation_utc` varchar(255) NOT NULL,
  `created` datetime NOT NULL DEFAULT CURRENT_TIMESTAMP,
  `modified` datetime NOT NULL DEFAULT CURRENT_TIMESTAMP,
  `status` enum('y','n') NOT NULL DEFAULT 'y',
  `parent_user_id` int(11) NOT NULL
) ENGINE=InnoDB DEFAULT CHARSET=utf8;

--
-- Dumping data for table `user_transation`
--

INSERT INTO `user_transation` (`id`, `user_id`, `before_balance`, `after_balance`, `cr`, `dr`, `comment`, `transation_utc`, `created`, `modified`, `status`, `parent_user_id`) VALUES
(1, 2, -100, -100, 0, 100, 'account opening balance', '1552953600', '2019-03-19 13:39:09', '2019-03-19 13:39:09', 'y', 1),
(2, 5, 0, 0, 0, 0, 'account opening balance', '1553212800', '2019-03-22 05:59:49', '2019-03-22 05:59:49', 'y', 1),
(3, 6, -1560, -1560, 0, 1560, 'account opening balance', '1553212800', '2019-03-22 06:01:21', '2019-03-22 06:01:21', 'y', 1),
(4, 7, -1400, -1400, 0, 1400, 'account opening balance', '1553212800', '2019-03-22 06:13:31', '2019-03-22 06:13:31', 'y', 1),
(5, 9, -700, -700, 0, 700, 'account opening balance', '1553212800', '2019-03-22 06:15:55', '2019-03-22 06:15:55', 'y', 1),
(6, 11, -500, -500, 0, 500, 'account opening balance', '1553212800', '2019-03-22 06:20:10', '2019-03-22 06:20:10', 'y', 1),
(7, 12, -300, -300, 0, 300, 'account opening balance', '1553212800', '2019-03-22 06:20:54', '2019-03-22 06:20:54', 'y', 1),
(8, 13, -800, -800, 0, 800, 'account opening balance', '1553212800', '2019-03-22 06:23:01', '2019-03-22 06:23:01', 'y', 1),
(9, 14, -1000, -1000, 0, 1000, 'account opening balance', '1553212800', '2019-03-22 06:24:39', '2019-03-22 06:24:39', 'y', 1),
(10, 15, 450, 450, 450, 0, 'account opening balance', '1553212800', '2019-03-22 06:36:02', '2019-03-22 06:36:02', 'y', 1),
(11, 16, -360, -360, 0, 360, 'account opening balance', '1553212800', '2019-03-22 06:39:15', '2019-03-22 06:39:15', 'y', 1),
(12, 17, -140, -140, 0, 140, 'account opening balance', '1553212800', '2019-03-22 06:44:58', '2019-03-22 06:44:58', 'y', 1),
(13, 18, -500, -500, 0, 500, 'account opening balance', '1553212800', '2019-03-22 06:57:57', '2019-03-22 06:57:57', 'y', 1),
(14, 19, -1150, -1150, 0, 1150, 'account opening balance', '1553212800', '2019-03-22 06:59:22', '2019-03-22 06:59:22', 'y', 1),
(15, 20, -750, -750, 0, 750, 'account opening balance', '1553212800', '2019-03-22 07:00:12', '2019-03-22 07:00:12', 'y', 1),
(16, 21, 500, 500, 500, 0, 'account opening balance', '1553212800', '2019-03-22 07:01:16', '2019-03-22 07:01:16', 'y', 1),
(17, 2, -100, -196, 0, 96, 'monthly bill', '1553299200', '2019-03-23 10:33:45', '2019-03-23 10:33:45', 'y', 1),
(18, 5, 0, -332, 0, 332, 'monthly bill', '1553299200', '2019-03-23 10:33:45', '2019-03-23 10:33:45', 'y', 1),
(19, 15, 450, -12, 0, 462, 'monthly bill', '1553299200', '2019-03-23 10:33:45', '2019-03-23 10:33:45', 'y', 1),
(20, 6, -1560, -1926, 0, 366, 'monthly bill', '1553299200', '2019-03-23 10:33:45', '2019-03-23 10:33:45', 'y', 1),
(21, 9, -700, -700, 0, 0, 'monthly bill', '1553299200', '2019-03-23 10:33:45', '2019-03-23 10:33:45', 'y', 1),
(22, 12, -300, -666, 0, 366, 'monthly bill', '1553299200', '2019-03-23 10:33:45', '2019-03-23 10:33:45', 'y', 1),
(23, 13, -800, -1256, 0, 456, 'monthly bill', '1553299200', '2019-03-23 10:33:45', '2019-03-23 10:33:45', 'y', 1),
(24, 21, 500, 264, 0, 236, 'monthly bill', '1553299200', '2019-03-23 10:33:46', '2019-03-23 10:33:46', 'y', 1),
(25, 7, -1400, -2013, 0, 613, 'monthly bill', '1553299200', '2019-03-23 10:33:46', '2019-03-23 10:33:46', 'y', 1),
(26, 11, -500, -952, 0, 452, 'monthly bill', '1553299200', '2019-03-23 10:33:46', '2019-03-23 10:33:46', 'y', 1),
(27, 14, -1000, -1482, 0, 482, 'monthly bill', '1553299200', '2019-03-23 10:33:46', '2019-03-23 10:33:46', 'y', 1),
(28, 16, -360, -822, 0, 462, 'monthly bill', '1553299200', '2019-03-23 10:33:46', '2019-03-23 10:33:46', 'y', 1),
(29, 17, -140, -472, 0, 332, 'monthly bill', '1553299200', '2019-03-23 10:33:46', '2019-03-23 10:33:46', 'y', 1),
(30, 18, -500, -832, 0, 332, 'monthly bill', '1553299200', '2019-03-23 10:33:46', '2019-03-23 10:33:46', 'y', 1),
(31, 19, -1150, -1602, 0, 452, 'monthly bill', '1553299200', '2019-03-23 10:33:46', '2019-03-23 10:33:46', 'y', 1),
(32, 20, -750, -1082, 0, 332, 'monthly bill', '1553299200', '2019-03-23 10:33:46', '2019-03-23 10:33:46', 'y', 1),
(33, 24, -170, -170, 0, 170, 'account opening balance', '1553299200', '2019-03-23 16:19:29', '2019-03-23 16:19:29', 'y', 4),
(34, 25, -3588, -3588, 0, 3588, 'account opening balance', '1553299200', '2019-03-23 16:20:43', '2019-03-23 16:20:43', 'y', 4),
(35, 26, -8470, -8470, 0, 8470, 'account opening balance', '1553299200', '2019-03-23 16:22:03', '2019-03-23 16:22:03', 'y', 4),
(36, 27, -7500, -7500, 0, 7500, 'account opening balance', '1553299200', '2019-03-23 16:24:22', '2019-03-23 16:24:22', 'y', 4),
(37, 28, -6515, -6515, 0, 6515, 'account opening balance', '1553299200', '2019-03-23 16:26:44', '2019-03-23 16:26:44', 'y', 4),
(38, 30, -2720, -2720, 0, 2720, 'account opening balance', '1553299200', '2019-03-23 16:31:07', '2019-03-23 16:31:07', 'y', 4),
(39, 31, -4760, -4760, 0, 4760, 'account opening balance', '1553299200', '2019-03-23 16:36:50', '2019-03-23 16:36:50', 'y', 4),
(40, 32, -170, -170, 0, 170, 'account opening balance', '1553299200', '2019-03-23 16:37:51', '2019-03-23 16:37:51', 'y', 4),
(41, 33, -6920, -6920, 0, 6920, 'account opening balance', '1553299200', '2019-03-23 16:38:56', '2019-03-23 16:38:56', 'y', 4),
(42, 34, -4580, -4580, 0, 4580, 'account opening balance', '1553299200', '2019-03-23 16:40:16', '2019-03-23 16:40:16', 'y', 4),
(43, 35, -3400, -3400, 0, 3400, 'account opening balance', '1553299200', '2019-03-23 16:41:59', '2019-03-23 16:41:59', 'y', 4),
(44, 36, -500, -500, 0, 500, 'account opening balance', '1553299200', '2019-03-23 16:42:53', '2019-03-23 16:42:53', 'y', 4),
(45, 37, -1880, -1880, 0, 1880, 'account opening balance', '1553299200', '2019-03-23 16:44:21', '2019-03-23 16:44:21', 'y', 4),
(46, 38, -170, -170, 0, 170, 'account opening balance', '1553299200', '2019-03-23 16:45:49', '2019-03-23 16:45:49', 'y', 4),
(47, 39, -170, -170, 0, 170, 'account opening balance', '1553299200', '2019-03-23 16:46:31', '2019-03-23 16:46:31', 'y', 4),
(48, 40, -2050, -2050, 0, 2050, 'account opening balance', '1553299200', '2019-03-23 16:48:13', '2019-03-23 16:48:13', 'y', 4),
(49, 41, -850, -850, 0, 850, 'account opening balance', '1553299200', '2019-03-23 16:51:21', '2019-03-23 16:51:21', 'y', 4),
(50, 42, -1620, -1620, 0, 1620, 'account opening balance', '1553299200', '2019-03-23 16:52:41', '2019-03-23 16:52:41', 'y', 4),
(51, 43, -340, -340, 0, 340, 'account opening balance', '1553299200', '2019-03-23 16:53:35', '2019-03-23 16:53:35', 'y', 4),
(52, 44, -5100, -5100, 0, 5100, 'account opening balance', '1553299200', '2019-03-23 16:54:30', '2019-03-23 16:54:30', 'y', 4),
(53, 45, -850, -850, 0, 850, 'account opening balance', '1553299200', '2019-03-23 16:55:06', '2019-03-23 16:55:06', 'y', 4),
(54, 46, -5550, -5550, 0, 5550, 'account opening balance', '1553299200', '2019-03-23 16:56:08', '2019-03-23 16:56:08', 'y', 4),
(55, 47, -170, -170, 0, 170, 'account opening balance', '1553299200', '2019-03-23 16:57:10', '2019-03-23 16:57:10', 'y', 4),
(56, 48, -2570, -2570, 0, 2570, 'account opening balance', '1553299200', '2019-03-23 16:57:59', '2019-03-23 16:57:59', 'y', 4),
(57, 49, -2705, -2705, 0, 2705, 'account opening balance', '1553299200', '2019-03-23 16:59:03', '2019-03-23 16:59:03', 'y', 4),
(58, 50, -340, -340, 0, 340, 'account opening balance', '1553299200', '2019-03-23 17:00:09', '2019-03-23 17:00:09', 'y', 4),
(59, 51, -2085, -2085, 0, 2085, 'account opening balance', '1553299200', '2019-03-23 17:01:21', '2019-03-23 17:01:21', 'y', 4),
(60, 52, -1530, -1530, 0, 1530, 'account opening balance', '1553299200', '2019-03-23 17:02:35', '2019-03-23 17:02:35', 'y', 4),
(61, 53, -850, -850, 0, 850, 'account opening balance', '1553299200', '2019-03-23 17:10:16', '2019-03-23 17:10:16', 'y', 4),
(62, 54, -170, -170, 0, 170, 'account opening balance', '1553299200', '2019-03-23 17:11:47', '2019-03-23 17:11:47', 'y', 4),
(63, 56, -1900, -1900, 0, 1900, 'account opening balance', '1553299200', '2019-03-23 17:31:57', '2019-03-23 17:31:57', 'y', 4),
(64, 57, -170, -170, 0, 170, 'account opening balance', '1553299200', '2019-03-23 17:33:58', '2019-03-23 17:33:58', 'y', 4),
(65, 58, -410, -410, 0, 410, 'account opening balance', '1553299200', '2019-03-23 17:35:22', '2019-03-23 17:35:22', 'y', 4),
(66, 59, -2730, -2730, 0, 2730, 'account opening balance', '1553299200', '2019-03-23 17:36:13', '2019-03-23 17:36:13', 'y', 4),
(67, 60, -20900, -20900, 0, 20900, 'account opening balance', '1553299200', '2019-03-23 17:38:48', '2019-03-23 17:38:48', 'y', 4),
(68, 61, -1870, -1870, 0, 1870, 'account opening balance', '1553385600', '2019-03-24 04:59:05', '2019-03-24 04:59:05', 'y', 4),
(69, 62, -10356, -10356, 0, 10356, 'account opening balance', '1553385600', '2019-03-24 05:03:14', '2019-03-24 05:03:14', 'y', 4),
(70, 63, -10840, -10840, 0, 10840, 'account opening balance', '1553385600', '2019-03-24 05:04:01', '2019-03-24 05:04:01', 'y', 4),
(71, 64, -3400, -3400, 0, 3400, 'account opening balance', '1553385600', '2019-03-24 05:04:43', '2019-03-24 05:04:43', 'y', 4),
(72, 65, -9766, -9766, 0, 9766, 'account opening balance', '1553385600', '2019-03-24 05:07:32', '2019-03-24 05:07:32', 'y', 4),
(73, 66, -1360, -1360, 0, 1360, 'account opening balance', '1553385600', '2019-03-24 05:08:31', '2019-03-24 05:08:31', 'y', 4),
(74, 67, -1360, -1360, 0, 1360, 'account opening balance', '1553385600', '2019-03-24 05:09:27', '2019-03-24 05:09:27', 'y', 4),
(75, 68, -1360, -1360, 0, 1360, 'account opening balance', '1553385600', '2019-03-24 05:28:05', '2019-03-24 05:28:05', 'y', 4),
(76, 69, -1360, -1360, 0, 1360, 'account opening balance', '1553385600', '2019-03-24 05:30:11', '2019-03-24 05:30:11', 'y', 4),
(77, 70, -2065, -2065, 0, 2065, 'account opening balance', '1553385600', '2019-03-24 05:31:07', '2019-03-24 05:31:07', 'y', 4),
(78, 62, -10356, -9356, 1000, 0, 'Cash Recive', '1553385600', '2019-03-24 05:40:49', '2019-03-24 05:40:49', 'y', 4),
(79, 65, -9766, -8266, 1500, 0, 'Cash Recive', '1553385600', '2019-03-24 05:40:49', '2019-03-24 05:40:49', 'y', 4),
(80, 25, -3588, -3088, 500, 0, 'Cash Recive', '1553385600', '2019-03-24 05:41:34', '2019-03-24 05:41:34', 'y', 4),
(81, 27, -7500, -6600, 900, 0, 'Cash Recive', '1553385600', '2019-03-24 05:41:34', '2019-03-24 05:41:34', 'y', 4),
(82, 35, -3400, -2900, 500, 0, 'Cash Recive', '1553385600', '2019-03-24 05:42:17', '2019-03-24 05:42:17', 'y', 4),
(83, 43, -340, 360, 700, 0, 'Cash Recive', '1553385600', '2019-03-24 05:42:17', '2019-03-24 05:42:17', 'y', 4),
(84, 63, -10840, -10340, 500, 0, 'Cash Recive', '1553385600', '2019-03-24 05:53:52', '2019-03-24 05:53:52', 'y', 4),
(85, 59, -2730, -2230, 500, 0, 'Cash Recive', '1553385600', '2019-03-24 05:53:52', '2019-03-24 05:53:52', 'y', 4),
(86, 37, -1880, -1780, 100, 0, 'Cash Recive', '1553385600', '2019-03-24 05:53:52', '2019-03-24 05:53:52', 'y', 4),
(87, 24, -170, -282, 0, 112, 'monthly bill', '1553385600', '2019-03-24 05:56:23', '2019-03-24 05:56:23', 'y', 4),
(88, 33, -6920, -7032, 0, 112, 'monthly bill', '1553385600', '2019-03-24 05:56:23', '2019-03-24 05:56:23', 'y', 4),
(89, 36, -500, -640, 0, 140, 'monthly bill', '1553385600', '2019-03-24 05:56:23', '2019-03-24 05:56:23', 'y', 4),
(90, 38, -170, -282, 0, 112, 'monthly bill', '1553385600', '2019-03-24 05:56:23', '2019-03-24 05:56:23', 'y', 4),
(91, 39, -170, -310, 0, 140, 'monthly bill', '1553385600', '2019-03-24 05:56:23', '2019-03-24 05:56:23', 'y', 4),
(92, 42, -1620, -1732, 0, 112, 'monthly bill', '1553385600', '2019-03-24 05:56:23', '2019-03-24 05:56:23', 'y', 4),
(93, 43, 360, 248, 0, 112, 'monthly bill', '1553385600', '2019-03-24 05:56:23', '2019-03-24 05:56:23', 'y', 4),
(94, 46, -5550, -5942, 0, 392, 'monthly bill', '1553385600', '2019-03-24 05:56:23', '2019-03-24 05:56:23', 'y', 4),
(95, 49, -2705, -2817, 0, 112, 'monthly bill', '1553385600', '2019-03-24 05:56:23', '2019-03-24 05:56:23', 'y', 4),
(96, 51, -2085, -2225, 0, 140, 'monthly bill', '1553385600', '2019-03-24 05:56:23', '2019-03-24 05:56:23', 'y', 4),
(97, 53, -850, -962, 0, 112, 'monthly bill', '1553385600', '2019-03-24 05:56:23', '2019-03-24 05:56:23', 'y', 4),
(98, 54, -170, -282, 0, 112, 'monthly bill', '1553385600', '2019-03-24 05:56:23', '2019-03-24 05:56:23', 'y', 4),
(99, 56, -1900, -2040, 0, 140, 'monthly bill', '1553385600', '2019-03-24 05:56:23', '2019-03-24 05:56:23', 'y', 4),
(100, 25, -3088, -3200, 0, 112, 'monthly bill', '1553385600', '2019-03-24 05:56:23', '2019-03-24 05:56:23', 'y', 4),
(101, 37, -1780, -1920, 0, 140, 'monthly bill', '1553385600', '2019-03-24 05:56:23', '2019-03-24 05:56:23', 'y', 4),
(102, 26, -8470, -8582, 0, 112, 'monthly bill', '1553385600', '2019-03-24 05:56:23', '2019-03-24 05:56:23', 'y', 4),
(103, 27, -6600, -6740, 0, 140, 'monthly bill', '1553385600', '2019-03-24 05:56:23', '2019-03-24 05:56:23', 'y', 4),
(104, 28, -6515, -6515, 0, 0, 'monthly bill', '1553385600', '2019-03-24 05:56:23', '2019-03-24 05:56:23', 'y', 4),
(105, 47, -170, -282, 0, 112, 'monthly bill', '1553385600', '2019-03-24 05:56:23', '2019-03-24 05:56:23', 'y', 4),
(106, 48, -2570, -2710, 0, 140, 'monthly bill', '1553385600', '2019-03-24 05:56:23', '2019-03-24 05:56:23', 'y', 4),
(107, 60, -20900, -21152, 0, 252, 'monthly bill', '1553385600', '2019-03-24 05:56:23', '2019-03-24 05:56:23', 'y', 4),
(108, 30, -2720, -2860, 0, 140, 'monthly bill', '1553385600', '2019-03-24 05:56:23', '2019-03-24 05:56:23', 'y', 4),
(109, 31, -4760, -4900, 0, 140, 'monthly bill', '1553385600', '2019-03-24 05:56:23', '2019-03-24 05:56:23', 'y', 4),
(110, 32, -170, -310, 0, 140, 'monthly bill', '1553385600', '2019-03-24 05:56:23', '2019-03-24 05:56:23', 'y', 4),
(111, 34, -4580, -4720, 0, 140, 'monthly bill', '1553385600', '2019-03-24 05:56:23', '2019-03-24 05:56:23', 'y', 4),
(112, 35, -2900, -3040, 0, 140, 'monthly bill', '1553385600', '2019-03-24 05:56:23', '2019-03-24 05:56:23', 'y', 4),
(113, 40, -2050, -2190, 0, 140, 'monthly bill', '1553385600', '2019-03-24 05:56:23', '2019-03-24 05:56:23', 'y', 4),
(114, 41, -850, -990, 0, 140, 'monthly bill', '1553385600', '2019-03-24 05:56:23', '2019-03-24 05:56:23', 'y', 4),
(115, 44, -5100, -5240, 0, 140, 'monthly bill', '1553385600', '2019-03-24 05:56:23', '2019-03-24 05:56:23', 'y', 4),
(116, 45, -850, -990, 0, 140, 'monthly bill', '1553385600', '2019-03-24 05:56:24', '2019-03-24 05:56:24', 'y', 4),
(117, 50, -340, -452, 0, 112, 'monthly bill', '1553385600', '2019-03-24 05:56:24', '2019-03-24 05:56:24', 'y', 4),
(118, 52, -1530, -1642, 0, 112, 'monthly bill', '1553385600', '2019-03-24 05:56:24', '2019-03-24 05:56:24', 'y', 4),
(119, 57, -170, -310, 0, 140, 'monthly bill', '1553385600', '2019-03-24 05:56:24', '2019-03-24 05:56:24', 'y', 4),
(120, 58, -410, -550, 0, 140, 'monthly bill', '1553385600', '2019-03-24 05:56:24', '2019-03-24 05:56:24', 'y', 4),
(121, 59, -2230, -2370, 0, 140, 'monthly bill', '1553385600', '2019-03-24 05:56:24', '2019-03-24 05:56:24', 'y', 4),
(122, 61, -1870, -1982, 0, 112, 'monthly bill', '1553385600', '2019-03-24 05:56:24', '2019-03-24 05:56:24', 'y', 4),
(123, 64, -3400, -3512, 0, 112, 'monthly bill', '1553385600', '2019-03-24 05:56:24', '2019-03-24 05:56:24', 'y', 4),
(124, 66, -1360, -1500, 0, 140, 'monthly bill', '1553385600', '2019-03-24 05:56:24', '2019-03-24 05:56:24', 'y', 4),
(125, 67, -1360, -1500, 0, 140, 'monthly bill', '1553385600', '2019-03-24 05:56:24', '2019-03-24 05:56:24', 'y', 4),
(126, 68, -1360, -1500, 0, 140, 'monthly bill', '1553385600', '2019-03-24 05:56:24', '2019-03-24 05:56:24', 'y', 4),
(127, 70, -2065, -2177, 0, 112, 'monthly bill', '1553385600', '2019-03-24 05:56:24', '2019-03-24 05:56:24', 'y', 4),
(128, 65, -8266, -8406, 0, 140, 'monthly bill', '1553385600', '2019-03-24 05:56:24', '2019-03-24 05:56:24', 'y', 4),
(129, 62, -9356, -9468, 0, 112, 'monthly bill', '1553385600', '2019-03-24 05:56:24', '2019-03-24 05:56:24', 'y', 4),
(130, 63, -10340, -10452, 0, 112, 'monthly bill', '1553385600', '2019-03-24 05:56:24', '2019-03-24 05:56:24', 'y', 4),
(131, 69, -1360, -1500, 0, 140, 'monthly bill', '1553385600', '2019-03-24 05:56:24', '2019-03-24 05:56:24', 'y', 4),
(132, 24, -282, -402, 0, 120, 'monthly bill', '1553385600', '2019-03-24 06:06:30', '2019-03-24 06:06:30', 'y', 4),
(133, 33, -7032, -7152, 0, 120, 'monthly bill', '1553385600', '2019-03-24 06:06:30', '2019-03-24 06:06:30', 'y', 4),
(134, 36, -640, -790, 0, 150, 'monthly bill', '1553385600', '2019-03-24 06:06:30', '2019-03-24 06:06:30', 'y', 4),
(135, 38, -282, -402, 0, 120, 'monthly bill', '1553385600', '2019-03-24 06:06:30', '2019-03-24 06:06:30', 'y', 4),
(136, 39, -310, -460, 0, 150, 'monthly bill', '1553385600', '2019-03-24 06:06:30', '2019-03-24 06:06:30', 'y', 4),
(137, 42, -1732, -1852, 0, 120, 'monthly bill', '1553385600', '2019-03-24 06:06:30', '2019-03-24 06:06:30', 'y', 4),
(138, 43, 248, 128, 0, 120, 'monthly bill', '1553385600', '2019-03-24 06:06:30', '2019-03-24 06:06:30', 'y', 4),
(139, 46, -5942, -6362, 0, 420, 'monthly bill', '1553385600', '2019-03-24 06:06:30', '2019-03-24 06:06:30', 'y', 4),
(140, 49, -2817, -2937, 0, 120, 'monthly bill', '1553385600', '2019-03-24 06:06:30', '2019-03-24 06:06:30', 'y', 4),
(141, 51, -2225, -2375, 0, 150, 'monthly bill', '1553385600', '2019-03-24 06:06:30', '2019-03-24 06:06:30', 'y', 4),
(142, 53, -962, -1082, 0, 120, 'monthly bill', '1553385600', '2019-03-24 06:06:30', '2019-03-24 06:06:30', 'y', 4),
(143, 54, -282, -402, 0, 120, 'monthly bill', '1553385600', '2019-03-24 06:06:30', '2019-03-24 06:06:30', 'y', 4),
(144, 56, -2040, -2190, 0, 150, 'monthly bill', '1553385600', '2019-03-24 06:06:30', '2019-03-24 06:06:30', 'y', 4),
(145, 25, -3200, -3320, 0, 120, 'monthly bill', '1553385600', '2019-03-24 06:06:30', '2019-03-24 06:06:30', 'y', 4),
(146, 37, -1920, -2070, 0, 150, 'monthly bill', '1553385600', '2019-03-24 06:06:30', '2019-03-24 06:06:30', 'y', 4),
(147, 26, -8582, -8702, 0, 120, 'monthly bill', '1553385600', '2019-03-24 06:06:30', '2019-03-24 06:06:30', 'y', 4),
(148, 27, -6740, -6890, 0, 150, 'monthly bill', '1553385600', '2019-03-24 06:06:30', '2019-03-24 06:06:30', 'y', 4),
(149, 28, -6515, -6515, 0, 0, 'monthly bill', '1553385600', '2019-03-24 06:06:30', '2019-03-24 06:06:30', 'y', 4),
(150, 47, -282, -402, 0, 120, 'monthly bill', '1553385600', '2019-03-24 06:06:30', '2019-03-24 06:06:30', 'y', 4),
(151, 48, -2710, -2860, 0, 150, 'monthly bill', '1553385600', '2019-03-24 06:06:30', '2019-03-24 06:06:30', 'y', 4),
(152, 60, -21152, -21422, 0, 270, 'monthly bill', '1553385600', '2019-03-24 06:06:30', '2019-03-24 06:06:30', 'y', 4),
(153, 30, -2860, -3010, 0, 150, 'monthly bill', '1553385600', '2019-03-24 06:06:30', '2019-03-24 06:06:30', 'y', 4),
(154, 31, -4900, -5050, 0, 150, 'monthly bill', '1553385600', '2019-03-24 06:06:30', '2019-03-24 06:06:30', 'y', 4),
(155, 32, -310, -460, 0, 150, 'monthly bill', '1553385600', '2019-03-24 06:06:31', '2019-03-24 06:06:31', 'y', 4),
(156, 34, -4720, -4870, 0, 150, 'monthly bill', '1553385600', '2019-03-24 06:06:31', '2019-03-24 06:06:31', 'y', 4),
(157, 35, -3040, -3190, 0, 150, 'monthly bill', '1553385600', '2019-03-24 06:06:31', '2019-03-24 06:06:31', 'y', 4),
(158, 40, -2190, -2340, 0, 150, 'monthly bill', '1553385600', '2019-03-24 06:06:31', '2019-03-24 06:06:31', 'y', 4),
(159, 41, -990, -1140, 0, 150, 'monthly bill', '1553385600', '2019-03-24 06:06:31', '2019-03-24 06:06:31', 'y', 4),
(160, 44, -5240, -5390, 0, 150, 'monthly bill', '1553385600', '2019-03-24 06:06:31', '2019-03-24 06:06:31', 'y', 4),
(161, 45, -990, -1140, 0, 150, 'monthly bill', '1553385600', '2019-03-24 06:06:31', '2019-03-24 06:06:31', 'y', 4),
(162, 50, -452, -572, 0, 120, 'monthly bill', '1553385600', '2019-03-24 06:06:31', '2019-03-24 06:06:31', 'y', 4),
(163, 52, -1642, -1762, 0, 120, 'monthly bill', '1553385600', '2019-03-24 06:06:31', '2019-03-24 06:06:31', 'y', 4),
(164, 57, -310, -460, 0, 150, 'monthly bill', '1553385600', '2019-03-24 06:06:31', '2019-03-24 06:06:31', 'y', 4),
(165, 58, -550, -700, 0, 150, 'monthly bill', '1553385600', '2019-03-24 06:06:31', '2019-03-24 06:06:31', 'y', 4),
(166, 59, -2370, -2520, 0, 150, 'monthly bill', '1553385600', '2019-03-24 06:06:31', '2019-03-24 06:06:31', 'y', 4),
(167, 61, -1982, -2102, 0, 120, 'monthly bill', '1553385600', '2019-03-24 06:06:31', '2019-03-24 06:06:31', 'y', 4),
(168, 64, -3512, -3632, 0, 120, 'monthly bill', '1553385600', '2019-03-24 06:06:31', '2019-03-24 06:06:31', 'y', 4),
(169, 66, -1500, -1650, 0, 150, 'monthly bill', '1553385600', '2019-03-24 06:06:31', '2019-03-24 06:06:31', 'y', 4),
(170, 67, -1500, -1650, 0, 150, 'monthly bill', '1553385600', '2019-03-24 06:06:31', '2019-03-24 06:06:31', 'y', 4),
(171, 68, -1500, -1650, 0, 150, 'monthly bill', '1553385600', '2019-03-24 06:06:31', '2019-03-24 06:06:31', 'y', 4),
(172, 70, -2177, -2297, 0, 120, 'monthly bill', '1553385600', '2019-03-24 06:06:31', '2019-03-24 06:06:31', 'y', 4),
(173, 65, -8406, -8556, 0, 150, 'monthly bill', '1553385600', '2019-03-24 06:06:31', '2019-03-24 06:06:31', 'y', 4),
(174, 62, -9468, -9588, 0, 120, 'monthly bill', '1553385600', '2019-03-24 06:06:31', '2019-03-24 06:06:31', 'y', 4),
(175, 63, -10452, -10572, 0, 120, 'monthly bill', '1553385600', '2019-03-24 06:06:31', '2019-03-24 06:06:31', 'y', 4),
(176, 69, -1500, -1650, 0, 150, 'monthly bill', '1553385600', '2019-03-24 06:06:31', '2019-03-24 06:06:31', 'y', 4),
(177, 71, -500, -500, 0, 500, 'account opening balance', '1553385600', '2019-03-24 09:26:39', '2019-03-24 09:26:39', 'y', 4),
(178, 24, -402, -494, 0, 92, 'monthly bill', '1553385600', '2019-03-24 09:28:45', '2019-03-24 09:28:45', 'y', 4),
(179, 33, -7152, -7244, 0, 92, 'monthly bill', '1553385600', '2019-03-24 09:28:45', '2019-03-24 09:28:45', 'y', 4),
(180, 36, -790, -905, 0, 115, 'monthly bill', '1553385600', '2019-03-24 09:28:45', '2019-03-24 09:28:45', 'y', 4),
(181, 38, -402, -494, 0, 92, 'monthly bill', '1553385600', '2019-03-24 09:28:45', '2019-03-24 09:28:45', 'y', 4),
(182, 39, -460, -575, 0, 115, 'monthly bill', '1553385600', '2019-03-24 09:28:45', '2019-03-24 09:28:45', 'y', 4),
(183, 42, -1852, -1944, 0, 92, 'monthly bill', '1553385600', '2019-03-24 09:28:45', '2019-03-24 09:28:45', 'y', 4),
(184, 43, 128, 36, 0, 92, 'monthly bill', '1553385600', '2019-03-24 09:28:45', '2019-03-24 09:28:45', 'y', 4),
(185, 46, -6362, -6684, 0, 322, 'monthly bill', '1553385600', '2019-03-24 09:28:45', '2019-03-24 09:28:45', 'y', 4),
(186, 49, -2937, -3029, 0, 92, 'monthly bill', '1553385600', '2019-03-24 09:28:45', '2019-03-24 09:28:45', 'y', 4),
(187, 51, -2375, -2490, 0, 115, 'monthly bill', '1553385600', '2019-03-24 09:28:45', '2019-03-24 09:28:45', 'y', 4),
(188, 53, -1082, -1174, 0, 92, 'monthly bill', '1553385600', '2019-03-24 09:28:45', '2019-03-24 09:28:45', 'y', 4),
(189, 54, -402, -494, 0, 92, 'monthly bill', '1553385600', '2019-03-24 09:28:45', '2019-03-24 09:28:45', 'y', 4),
(190, 56, -2190, -2305, 0, 115, 'monthly bill', '1553385600', '2019-03-24 09:28:45', '2019-03-24 09:28:45', 'y', 4),
(191, 25, -3320, -3412, 0, 92, 'monthly bill', '1553385600', '2019-03-24 09:28:45', '2019-03-24 09:28:45', 'y', 4),
(192, 37, -2070, -2185, 0, 115, 'monthly bill', '1553385600', '2019-03-24 09:28:45', '2019-03-24 09:28:45', 'y', 4),
(193, 26, -8702, -8794, 0, 92, 'monthly bill', '1553385600', '2019-03-24 09:28:45', '2019-03-24 09:28:45', 'y', 4),
(194, 27, -6890, -7005, 0, 115, 'monthly bill', '1553385600', '2019-03-24 09:28:45', '2019-03-24 09:28:45', 'y', 4),
(195, 28, -6515, -6515, 0, 0, 'monthly bill', '1553385600', '2019-03-24 09:28:45', '2019-03-24 09:28:45', 'y', 4),
(196, 47, -402, -494, 0, 92, 'monthly bill', '1553385600', '2019-03-24 09:28:45', '2019-03-24 09:28:45', 'y', 4),
(197, 48, -2860, -2975, 0, 115, 'monthly bill', '1553385600', '2019-03-24 09:28:45', '2019-03-24 09:28:45', 'y', 4),
(198, 60, -21422, -21629, 0, 207, 'monthly bill', '1553385600', '2019-03-24 09:28:45', '2019-03-24 09:28:45', 'y', 4),
(199, 30, -3010, -3125, 0, 115, 'monthly bill', '1553385600', '2019-03-24 09:28:46', '2019-03-24 09:28:46', 'y', 4),
(200, 31, -5050, -5165, 0, 115, 'monthly bill', '1553385600', '2019-03-24 09:28:46', '2019-03-24 09:28:46', 'y', 4),
(201, 32, -460, -575, 0, 115, 'monthly bill', '1553385600', '2019-03-24 09:28:46', '2019-03-24 09:28:46', 'y', 4),
(202, 34, -4870, -4985, 0, 115, 'monthly bill', '1553385600', '2019-03-24 09:28:46', '2019-03-24 09:28:46', 'y', 4),
(203, 35, -3190, -3305, 0, 115, 'monthly bill', '1553385600', '2019-03-24 09:28:46', '2019-03-24 09:28:46', 'y', 4),
(204, 40, -2340, -2455, 0, 115, 'monthly bill', '1553385600', '2019-03-24 09:28:46', '2019-03-24 09:28:46', 'y', 4),
(205, 41, -1140, -1255, 0, 115, 'monthly bill', '1553385600', '2019-03-24 09:28:46', '2019-03-24 09:28:46', 'y', 4),
(206, 44, -5390, -5505, 0, 115, 'monthly bill', '1553385600', '2019-03-24 09:28:46', '2019-03-24 09:28:46', 'y', 4),
(207, 45, -1140, -1255, 0, 115, 'monthly bill', '1553385600', '2019-03-24 09:28:46', '2019-03-24 09:28:46', 'y', 4),
(208, 50, -572, -664, 0, 92, 'monthly bill', '1553385600', '2019-03-24 09:28:46', '2019-03-24 09:28:46', 'y', 4),
(209, 52, -1762, -1854, 0, 92, 'monthly bill', '1553385600', '2019-03-24 09:28:46', '2019-03-24 09:28:46', 'y', 4),
(210, 57, -460, -575, 0, 115, 'monthly bill', '1553385600', '2019-03-24 09:28:46', '2019-03-24 09:28:46', 'y', 4),
(211, 58, -700, -815, 0, 115, 'monthly bill', '1553385600', '2019-03-24 09:28:46', '2019-03-24 09:28:46', 'y', 4),
(212, 59, -2520, -2635, 0, 115, 'monthly bill', '1553385600', '2019-03-24 09:28:46', '2019-03-24 09:28:46', 'y', 4),
(213, 61, -2102, -2194, 0, 92, 'monthly bill', '1553385600', '2019-03-24 09:28:46', '2019-03-24 09:28:46', 'y', 4),
(214, 64, -3632, -3724, 0, 92, 'monthly bill', '1553385600', '2019-03-24 09:28:46', '2019-03-24 09:28:46', 'y', 4),
(215, 66, -1650, -1765, 0, 115, 'monthly bill', '1553385600', '2019-03-24 09:28:46', '2019-03-24 09:28:46', 'y', 4),
(216, 67, -1650, -1765, 0, 115, 'monthly bill', '1553385600', '2019-03-24 09:28:46', '2019-03-24 09:28:46', 'y', 4),
(217, 68, -1650, -1765, 0, 115, 'monthly bill', '1553385600', '2019-03-24 09:28:46', '2019-03-24 09:28:46', 'y', 4),
(218, 70, -2297, -2389, 0, 92, 'monthly bill', '1553385600', '2019-03-24 09:28:46', '2019-03-24 09:28:46', 'y', 4),
(219, 71, -500, -822, 0, 322, 'monthly bill', '1553385600', '2019-03-24 09:28:46', '2019-03-24 09:28:46', 'y', 4),
(220, 65, -8556, -8671, 0, 115, 'monthly bill', '1553385600', '2019-03-24 09:28:46', '2019-03-24 09:28:46', 'y', 4),
(221, 62, -9588, -9680, 0, 92, 'monthly bill', '1553385600', '2019-03-24 09:28:46', '2019-03-24 09:28:46', 'y', 4),
(222, 63, -10572, -10664, 0, 92, 'monthly bill', '1553385600', '2019-03-24 09:28:46', '2019-03-24 09:28:46', 'y', 4),
(223, 69, -1650, -1765, 0, 115, 'monthly bill', '1553385600', '2019-03-24 09:28:46', '2019-03-24 09:28:46', 'y', 4),
(224, 24, -494, -494, 0, 0, 'monthly bill', '1583020800', '2020-03-01 16:40:37', '2020-03-01 16:40:37', 'y', 4),
(225, 33, -7244, -7244, 0, 0, 'monthly bill', '1583020800', '2020-03-01 16:40:37', '2020-03-01 16:40:37', 'y', 4),
(226, 36, -905, -905, 0, 0, 'monthly bill', '1583020800', '2020-03-01 16:40:37', '2020-03-01 16:40:37', 'y', 4),
(227, 38, -494, -494, 0, 0, 'monthly bill', '1583020800', '2020-03-01 16:40:37', '2020-03-01 16:40:37', 'y', 4),
(228, 39, -575, -575, 0, 0, 'monthly bill', '1583020800', '2020-03-01 16:40:37', '2020-03-01 16:40:37', 'y', 4),
(229, 42, -1944, -1944, 0, 0, 'monthly bill', '1583020800', '2020-03-01 16:40:37', '2020-03-01 16:40:37', 'y', 4),
(230, 43, 36, 36, 0, 0, 'monthly bill', '1583020800', '2020-03-01 16:40:38', '2020-03-01 16:40:38', 'y', 4),
(231, 46, -6684, -6684, 0, 0, 'monthly bill', '1583020800', '2020-03-01 16:40:38', '2020-03-01 16:40:38', 'y', 4),
(232, 49, -3029, -3029, 0, 0, 'monthly bill', '1583020800', '2020-03-01 16:40:38', '2020-03-01 16:40:38', 'y', 4),
(233, 51, -2490, -2490, 0, 0, 'monthly bill', '1583020800', '2020-03-01 16:40:38', '2020-03-01 16:40:38', 'y', 4),
(234, 53, -1174, -1174, 0, 0, 'monthly bill', '1583020800', '2020-03-01 16:40:38', '2020-03-01 16:40:38', 'y', 4),
(235, 54, -494, -494, 0, 0, 'monthly bill', '1583020800', '2020-03-01 16:40:38', '2020-03-01 16:40:38', 'y', 4),
(236, 56, -2305, -2305, 0, 0, 'monthly bill', '1583020800', '2020-03-01 16:40:39', '2020-03-01 16:40:39', 'y', 4),
(237, 25, -3412, -3412, 0, 0, 'monthly bill', '1583020800', '2020-03-01 16:40:39', '2020-03-01 16:40:39', 'y', 4),
(238, 37, -2185, -2185, 0, 0, 'monthly bill', '1583020800', '2020-03-01 16:40:39', '2020-03-01 16:40:39', 'y', 4),
(239, 26, -8794, -8794, 0, 0, 'monthly bill', '1583020800', '2020-03-01 16:40:39', '2020-03-01 16:40:39', 'y', 4),
(240, 27, -7005, -7005, 0, 0, 'monthly bill', '1583020800', '2020-03-01 16:40:39', '2020-03-01 16:40:39', 'y', 4),
(241, 28, -6515, -6515, 0, 0, 'monthly bill', '1583020800', '2020-03-01 16:40:39', '2020-03-01 16:40:39', 'y', 4),
(242, 47, -494, -494, 0, 0, 'monthly bill', '1583020800', '2020-03-01 16:40:40', '2020-03-01 16:40:40', 'y', 4),
(243, 48, -2975, -2975, 0, 0, 'monthly bill', '1583020800', '2020-03-01 16:40:40', '2020-03-01 16:40:40', 'y', 4),
(244, 60, -21629, -21629, 0, 0, 'monthly bill', '1583020800', '2020-03-01 16:40:40', '2020-03-01 16:40:40', 'y', 4),
(245, 30, -3125, -3125, 0, 0, 'monthly bill', '1583020800', '2020-03-01 16:40:40', '2020-03-01 16:40:40', 'y', 4),
(246, 31, -5165, -5165, 0, 0, 'monthly bill', '1583020800', '2020-03-01 16:40:40', '2020-03-01 16:40:40', 'y', 4),
(247, 32, -575, -575, 0, 0, 'monthly bill', '1583020800', '2020-03-01 16:40:40', '2020-03-01 16:40:40', 'y', 4),
(248, 34, -4985, -4985, 0, 0, 'monthly bill', '1583020800', '2020-03-01 16:40:41', '2020-03-01 16:40:41', 'y', 4),
(249, 35, -3305, -3305, 0, 0, 'monthly bill', '1583020800', '2020-03-01 16:40:41', '2020-03-01 16:40:41', 'y', 4),
(250, 40, -2455, -2455, 0, 0, 'monthly bill', '1583020800', '2020-03-01 16:40:41', '2020-03-01 16:40:41', 'y', 4),
(251, 41, -1255, -1255, 0, 0, 'monthly bill', '1583020800', '2020-03-01 16:40:41', '2020-03-01 16:40:41', 'y', 4),
(252, 44, -5505, -5505, 0, 0, 'monthly bill', '1583020800', '2020-03-01 16:40:41', '2020-03-01 16:40:41', 'y', 4),
(253, 45, -1255, -1255, 0, 0, 'monthly bill', '1583020800', '2020-03-01 16:40:41', '2020-03-01 16:40:41', 'y', 4),
(254, 50, -664, -664, 0, 0, 'monthly bill', '1583020800', '2020-03-01 16:40:42', '2020-03-01 16:40:42', 'y', 4),
(255, 52, -1854, -1854, 0, 0, 'monthly bill', '1583020800', '2020-03-01 16:40:42', '2020-03-01 16:40:42', 'y', 4),
(256, 57, -575, -575, 0, 0, 'monthly bill', '1583020800', '2020-03-01 16:40:42', '2020-03-01 16:40:42', 'y', 4),
(257, 58, -815, -815, 0, 0, 'monthly bill', '1583020800', '2020-03-01 16:40:42', '2020-03-01 16:40:42', 'y', 4),
(258, 59, -2635, -2635, 0, 0, 'monthly bill', '1583020800', '2020-03-01 16:40:42', '2020-03-01 16:40:42', 'y', 4),
(259, 61, -2194, -2194, 0, 0, 'monthly bill', '1583020800', '2020-03-01 16:40:43', '2020-03-01 16:40:43', 'y', 4),
(260, 64, -3724, -3724, 0, 0, 'monthly bill', '1583020800', '2020-03-01 16:40:43', '2020-03-01 16:40:43', 'y', 4),
(261, 66, -1765, -1765, 0, 0, 'monthly bill', '1583020800', '2020-03-01 16:40:43', '2020-03-01 16:40:43', 'y', 4),
(262, 67, -1765, -1765, 0, 0, 'monthly bill', '1583020800', '2020-03-01 16:40:43', '2020-03-01 16:40:43', 'y', 4),
(263, 68, -1765, -1765, 0, 0, 'monthly bill', '1583020800', '2020-03-01 16:40:43', '2020-03-01 16:40:43', 'y', 4),
(264, 70, -2389, -2389, 0, 0, 'monthly bill', '1583020800', '2020-03-01 16:40:43', '2020-03-01 16:40:43', 'y', 4),
(265, 71, -822, -822, 0, 0, 'monthly bill', '1583020800', '2020-03-01 16:40:44', '2020-03-01 16:40:44', 'y', 4),
(266, 65, -8671, -8671, 0, 0, 'monthly bill', '1583020800', '2020-03-01 16:40:44', '2020-03-01 16:40:44', 'y', 4),
(267, 62, -9680, -9680, 0, 0, 'monthly bill', '1583020800', '2020-03-01 16:40:44', '2020-03-01 16:40:44', 'y', 4),
(268, 63, -10664, -10664, 0, 0, 'monthly bill', '1583020800', '2020-03-01 16:40:44', '2020-03-01 16:40:44', 'y', 4),
(269, 69, -1765, -1765, 0, 0, 'monthly bill', '1583020800', '2020-03-01 16:40:44', '2020-03-01 16:40:44', 'y', 4);

-- --------------------------------------------------------

--
-- Table structure for table `user_work_day`
--

CREATE TABLE `user_work_day` (
  `id` int(11) NOT NULL,
  `user_id` int(11) NOT NULL,
  `workdays_id` int(11) NOT NULL,
  `created` datetime NOT NULL DEFAULT CURRENT_TIMESTAMP,
  `modified` datetime NOT NULL DEFAULT CURRENT_TIMESTAMP,
  `status` enum('y','n') NOT NULL DEFAULT 'y',
  `parent_user_id` int(11) NOT NULL
) ENGINE=InnoDB DEFAULT CHARSET=utf8;

-- --------------------------------------------------------

--
-- Table structure for table `weekdays`
--

CREATE TABLE `weekdays` (
  `id` int(11) NOT NULL,
  `dayname` varchar(255) NOT NULL,
  `status` enum('y','n') NOT NULL DEFAULT 'y'
) ENGINE=InnoDB DEFAULT CHARSET=utf8;

--
-- Dumping data for table `weekdays`
--

INSERT INTO `weekdays` (`id`, `dayname`, `status`) VALUES
(1, 'SUN', 'y'),
(2, 'MON', 'y'),
(3, 'TUE', 'y'),
(4, 'WED', 'y'),
(5, 'THU', 'y'),
(6, 'FRI', 'y'),
(7, 'SAT', 'y');

--
-- Indexes for dumped tables
--

--
-- Indexes for table `area`
--
ALTER TABLE `area`
  ADD PRIMARY KEY (`id`),
  ADD KEY `route_id` (`route_id`);

--
-- Indexes for table `bill_month`
--
ALTER TABLE `bill_month`
  ADD PRIMARY KEY (`id`);

--
-- Indexes for table `bill_product`
--
ALTER TABLE `bill_product`
  ADD PRIMARY KEY (`id`);

--
-- Indexes for table `cash_memo`
--
ALTER TABLE `cash_memo`
  ADD PRIMARY KEY (`id`);

--
-- Indexes for table `prices_daily`
--
ALTER TABLE `prices_daily`
  ADD PRIMARY KEY (`id`),
  ADD KEY `product_id` (`product_id`),
  ADD KEY `product_id_2` (`product_id`);

--
-- Indexes for table `prices_montly`
--
ALTER TABLE `prices_montly`
  ADD PRIMARY KEY (`id`),
  ADD KEY `product_id` (`product_id`);

--
-- Indexes for table `print_plan`
--
ALTER TABLE `print_plan`
  ADD PRIMARY KEY (`id`),
  ADD KEY `user_id` (`user_id`);

--
-- Indexes for table `products`
--
ALTER TABLE `products`
  ADD PRIMARY KEY (`id`);

--
-- Indexes for table `route`
--
ALTER TABLE `route`
  ADD PRIMARY KEY (`id`),
  ADD KEY `route_code_2` (`route_code`);

--
-- Indexes for table `routeplan`
--
ALTER TABLE `routeplan`
  ADD PRIMARY KEY (`id`),
  ADD KEY `user_id` (`user_id`),
  ADD KEY `route_id` (`route_id`),
  ADD KEY `area_id` (`area_id`);

--
-- Indexes for table `users`
--
ALTER TABLE `users`
  ADD PRIMARY KEY (`id`),
  ADD UNIQUE KEY `user_code` (`user_code`);

--
-- Indexes for table `user_bill`
--
ALTER TABLE `user_bill`
  ADD PRIMARY KEY (`id`),
  ADD KEY `user_id` (`user_id`);

--
-- Indexes for table `user_product`
--
ALTER TABLE `user_product`
  ADD PRIMARY KEY (`id`);

--
-- Indexes for table `user_role`
--
ALTER TABLE `user_role`
  ADD PRIMARY KEY (`id`);

--
-- Indexes for table `user_transation`
--
ALTER TABLE `user_transation`
  ADD PRIMARY KEY (`id`);

--
-- Indexes for table `user_work_day`
--
ALTER TABLE `user_work_day`
  ADD PRIMARY KEY (`id`);

--
-- Indexes for table `weekdays`
--
ALTER TABLE `weekdays`
  ADD PRIMARY KEY (`id`);

--
-- AUTO_INCREMENT for dumped tables
--

--
-- AUTO_INCREMENT for table `area`
--
ALTER TABLE `area`
  MODIFY `id` int(11) NOT NULL AUTO_INCREMENT, AUTO_INCREMENT=10;

--
-- AUTO_INCREMENT for table `bill_month`
--
ALTER TABLE `bill_month`
  MODIFY `id` int(11) NOT NULL AUTO_INCREMENT, AUTO_INCREMENT=6;

--
-- AUTO_INCREMENT for table `bill_product`
--
ALTER TABLE `bill_product`
  MODIFY `id` int(11) NOT NULL AUTO_INCREMENT, AUTO_INCREMENT=231;

--
-- AUTO_INCREMENT for table `cash_memo`
--
ALTER TABLE `cash_memo`
  MODIFY `id` int(11) NOT NULL AUTO_INCREMENT, AUTO_INCREMENT=10;

--
-- AUTO_INCREMENT for table `prices_daily`
--
ALTER TABLE `prices_daily`
  MODIFY `id` int(11) NOT NULL AUTO_INCREMENT, AUTO_INCREMENT=14;

--
-- AUTO_INCREMENT for table `prices_montly`
--
ALTER TABLE `prices_montly`
  MODIFY `id` int(11) NOT NULL AUTO_INCREMENT;

--
-- AUTO_INCREMENT for table `print_plan`
--
ALTER TABLE `print_plan`
  MODIFY `id` int(11) NOT NULL AUTO_INCREMENT;

--
-- AUTO_INCREMENT for table `products`
--
ALTER TABLE `products`
  MODIFY `id` int(11) NOT NULL AUTO_INCREMENT, AUTO_INCREMENT=20;

--
-- AUTO_INCREMENT for table `route`
--
ALTER TABLE `route`
  MODIFY `id` int(11) NOT NULL AUTO_INCREMENT, AUTO_INCREMENT=24;

--
-- AUTO_INCREMENT for table `routeplan`
--
ALTER TABLE `routeplan`
  MODIFY `id` int(11) NOT NULL AUTO_INCREMENT, AUTO_INCREMENT=16;

--
-- AUTO_INCREMENT for table `users`
--
ALTER TABLE `users`
  MODIFY `id` int(11) NOT NULL AUTO_INCREMENT, AUTO_INCREMENT=74;

--
-- AUTO_INCREMENT for table `user_bill`
--
ALTER TABLE `user_bill`
  MODIFY `id` int(11) NOT NULL AUTO_INCREMENT, AUTO_INCREMENT=199;

--
-- AUTO_INCREMENT for table `user_product`
--
ALTER TABLE `user_product`
  MODIFY `id` int(11) NOT NULL AUTO_INCREMENT, AUTO_INCREMENT=91;

--
-- AUTO_INCREMENT for table `user_role`
--
ALTER TABLE `user_role`
  MODIFY `id` int(11) NOT NULL AUTO_INCREMENT, AUTO_INCREMENT=4;

--
-- AUTO_INCREMENT for table `user_transation`
--
ALTER TABLE `user_transation`
  MODIFY `id` int(11) NOT NULL AUTO_INCREMENT, AUTO_INCREMENT=270;

--
-- AUTO_INCREMENT for table `user_work_day`
--
ALTER TABLE `user_work_day`
  MODIFY `id` int(11) NOT NULL AUTO_INCREMENT;

--
-- AUTO_INCREMENT for table `weekdays`
--
ALTER TABLE `weekdays`
  MODIFY `id` int(11) NOT NULL AUTO_INCREMENT, AUTO_INCREMENT=8;

--
-- Constraints for dumped tables
--

--
-- Constraints for table `prices_daily`
--
ALTER TABLE `prices_daily`
  ADD CONSTRAINT `prices_daily_ibfk_1` FOREIGN KEY (`product_id`) REFERENCES `products` (`id`) ON DELETE CASCADE;

--
-- Constraints for table `prices_montly`
--
ALTER TABLE `prices_montly`
  ADD CONSTRAINT `prices_montly_ibfk_1` FOREIGN KEY (`product_id`) REFERENCES `products` (`id`);

--
-- Constraints for table `print_plan`
--
ALTER TABLE `print_plan`
  ADD CONSTRAINT `print_plan_ibfk_1` FOREIGN KEY (`user_id`) REFERENCES `users` (`id`);

--
-- Constraints for table `routeplan`
--
ALTER TABLE `routeplan`
  ADD CONSTRAINT `routeplan_ibfk_1` FOREIGN KEY (`user_id`) REFERENCES `users` (`id`) ON DELETE CASCADE,
  ADD CONSTRAINT `routeplan_ibfk_2` FOREIGN KEY (`route_id`) REFERENCES `route` (`id`),
  ADD CONSTRAINT `routeplan_ibfk_3` FOREIGN KEY (`area_id`) REFERENCES `area` (`id`);
COMMIT;

/*!40101 SET CHARACTER_SET_CLIENT=@OLD_CHARACTER_SET_CLIENT */;
/*!40101 SET CHARACTER_SET_RESULTS=@OLD_CHARACTER_SET_RESULTS */;
/*!40101 SET COLLATION_CONNECTION=@OLD_COLLATION_CONNECTION */;
